track_name;artists;album;danceability;energy;key;loudness;mode;speechiness;acousticness;instrumentalness;liveness;valence;tempo;duration_ms;time_signature;popularity;year;ranking;critic score;popularity_normalized
Wouldn't It Be Nice;The Beach Boys;Greatest Hits;0.385;0.657;5;-6.975;1;0.0342;0.724;0.0;0.105;0.672;124.895;153867;4;60;2012;1;1;0,6125
God Only Knows;The Beach Boys;50 Big Ones: Greatest Hits;0.433;0.469;6;-9.853;0;0.032;0.156;0.0;0.0479;0.334;115.876;175787;4;51;2012;1;1;0,5
Sinnerman;Nina Simone;Pastel Blues;0.436;0.543;11;-13.351;0;0.0962;0.654;9.35e-06;0.0937;0.663;148.282;622000;4;63;1965;2;0,997995992;0,65
How to Disappear Completely;Radiohead;Kid A;0.167;0.302;6;-11.644;0;0.0345;0.316;0.797;0.11;0.19;102.026;356333;4;67;2000;3;0,995991984;0,7
when you sleep;my bloody valentine;loveless;0.399;0.866;6;-9.72;1;0.0558;3.43e-05;0.738;0.0785;0.125;128.864;251947;4;62;1991;4;0,993987976;0,6375
Running Up That Hill (A Deal With God);Kate Bush;Hounds Of Love;0.629;0.547;10;-13.123;0;0.055;0.72;0.00314;0.0604;0.197;108.375;298933;4;91;1985;5;0,991983968;1
Heroes - 2017 Remaster;David Bowie;"""Heroes"" (2017 Remaster)";0.489;0.758;7;-6.491;1;0.0297;0.000678;0.49;0.092;0.435;112.113;371413;4;78;1977;6;0,98997996;0,8375
Strawberry Fields Forever;The Beatles;Love;0.383;0.558;11;-10.319;1;0.0514;0.0303;3.98e-05;0.555;0.207;102.508;271974;4;49;2006;7;0,987975952;0,475
There Is a Light That Never Goes Out - 2011 Remaster;The Smiths;The Queen Is Dead;0.523;0.769;4;-5.855;1;0.0269;0.04;0.0;0.136;0.876;136.162;244587;4;81;1986;8;0,985971944;0,875
Life On Mars?;David Bowie;Licorice Pizza (Original Motion Picture Soundtrack);0.459;0.528;10;-10.292;1;0.0376;0.646;6.94e-05;0.0623;0.26;123.44;232773;4;48;2021;9;0,983967936;0,4625
The Man Who Sold the World - 2015 Remaster;David Bowie;The Man Who Sold the World (2015 Remaster);0.474;0.387;2;-14.416;0;0.0305;0.642;0.00557;0.143;0.545;118.486;241347;4;66;1970;9;0,983967936;0,6875
Once in a Lifetime;Talking Heads;Remain in Light;0.646;0.88;2;-7.753;1;0.0637;0.0623;0.157;0.355;0.802;116.916;259600;4;56;1980;10;0,981963928;0,5625
Karma Police;Radiohead;OK Computer;0.36;0.501;7;-9.129;1;0.0258;0.0638;9.32e-05;0.172;0.324;74.807;264067;4;76;1997;11;0,97995992;0,8125
Epitaph;King Crimson;The Condensed 21st Century Guide To King Crimson (1969 - 2003);0.268;0.329;4;-12.965;0;0.0324;0.0184;0.035;0.0778;0.0808;132.889;535000;4;39;2006;12;0,977955912;0,35
"21st Century Schizoid Man - Including ""Mirrors""";King Crimson;In The Court Of The Crimson King (Expanded & Remastered Original Album Mix);0.306;0.701;7;-9.914;0;0.0647;0.000398;0.592;0.197;0.555;92.646;442581;3;58;1969;12;0,977955912;0,5875
Marquee Moon;Television;Marquee Moon;0.49;0.536;7;-10.83;1;0.0382;0.0391;0.371;0.116;0.732;118.008;638427;4;56;1977;13;0,975951904;0,5625
Wuthering Heights;Kate Bush;The Kick Inside;0.481;0.392;1;-11.381;1;0.0312;0.366;0.0452;0.124;0.52;124.572;269067;4;71;1978;14;0,973947896;0,75
Sunday Morning;The Velvet Underground, Nico;The Velvet Underground & Nico 45th Anniversary;0.506;0.442;5;-13.268;0;0.0276;0.0869;0.00239;0.0846;0.532;105.826;175893;4;66;1967;15;0,971943888;0,6875
Femme Fatale;The Velvet Underground, Nico;The Velvet Underground & Nico 45th Anniversary;0.55;0.145;0;-15.753;1;0.0332;0.913;0.0;0.118;0.138;103.918;159000;4;64;1967;15;0,971943888;0,6625
Paranoid Android;Radiohead;OK Computer;0.251;0.848;5;-6.501;1;0.0579;0.0377;0.00591;0.0545;0.207;163.709;387213;4;70;1997;16;0,96993988;0,7375
Heaven or Las Vegas;Cocteau Twins;Heaven or Las Vegas;0.202;0.804;7;-5.465;1;0.0383;6.97e-05;0.00775;0.081;0.418;179.911;298400;4;65;1990;17;0,967935872;0,675
Reckoner;Radiohead;In Rainbows;0.523;0.656;4;-7.441;0;0.0262;0.511;0.16;0.0679;0.214;104.271;290213;4;64;2007;18;0,965931864;0,6625
Voodoo Chile;Jimi Hendrix;Electric Ladyland;0.298;0.753;0;-7.417;0;0.0894;0.248;0.148;0.112;0.32;164.991;899933;3;51;1968;19;0,963927856;0,5
Hey Joe;Jimi Hendrix;Are You Experienced;0.346;0.768;9;-5.695;1;0.0377;0.00603;0.38;0.0244;0.532;169.492;210160;4;70;1967;19;0,963927856;0,7375
Good Vibrations;The Beach Boys;The Smile Sessions;0.414;0.528;1;-7.733;1;0.0343;0.0495;0.00026;0.117;0.335;74.627;255400;4;59;2011;20;0,961923848;0,6
Let's Go Away For Awhile - Stereo / Remastered;The Beach Boys;Pet Sounds (Original Mono & Stereo Mix Versions);0.33;0.242;11;-16.537;0;0.027;0.118;0.73;0.0785;0.086;87.452;144707;3;37;1966;20;0,961923848;0,325
Shook Ones, Pt. II;Mobb Deep;The Infamous;0.763;0.786;10;-6.472;0;0.229;0.0146;0.0114;0.0817;0.504;93.857;325507;4;77;1995;21;0,95991984;0,825
Just Like Heaven;The Cure;Kiss Me, Kiss Me, Kiss Me;0.437;0.94;9;-6.946;1;0.0426;0.0524;0.000573;0.222;0.48;151.417;212013;4;73;1987;22;0,957915832;0,775
Idioteque;Radiohead;Kid A;0.615;0.931;3;-7.8;1;0.273;0.0352;2.23e-05;0.0915;0.525;137.544;309093;3;60;2000;23;0,955911824;0,6125
Cloudbusting;Kate Bush;Hounds Of Love;0.68;0.248;1;-17.465;0;0.0328;0.696;8.88e-06;0.0839;0.812;112.806;310160;4;63;1985;24;0,953907816;0,65
This Must Be the Place (Naive Melody) - 2005 Remaster;Talking Heads;Speaking in Tongues (Deluxe Version);0.942;0.641;7;-10.15;1;0.0333;0.331;0.179;0.028;0.966;114.443;296147;4;72;1983;25;0,951903808;0,7625
Moon Rocks - 2005 Remaster;Talking Heads;Speaking in Tongues (Deluxe Version);0.867;0.656;11;-9.019;0;0.041;0.0572;0.819;0.406;0.947;123.654;345573;4;48;1983;25;0,951903808;0,4625
Starman - 2012 Remaster;David Bowie;The Rise and Fall of Ziggy Stardust and the Spiders from Mars (2012 Remaster);0.486;0.449;5;-10.298;1;0.0267;0.166;2.23e-06;0.54;0.549;100.456;254293;4;77;1972;26;0,9498998;0,825
Suffragette City - 2012 Remaster;David Bowie;The Rise and Fall of Ziggy Stardust and the Spiders from Mars (2012 Remaster);0.455;0.883;2;-9.159;1;0.0384;0.368;0.0;0.277;0.782;142.638;208413;4;63;1972;26;0,9498998;0,65
Be My Baby;The Ronettes;Be My Baby: The Very Best of The Ronettes;0.511;0.769;4;-7.032;1;0.042;0.181;0.0;0.0921;0.818;129.657;160907;4;69;2011;27;0,947895792;0,725
Be Quiet and Drive (Far Away);Deftones;Around the Fur;0.206;0.965;1;-5.116;1;0.079;9.91e-06;0.827;0.367;0.168;92.615;299867;4;76;1997;28;0,945891784;0,8125
Runaway;Kanye West, Pusha T;My Beautiful Dark Twisted Fantasy;0.374;0.568;1;-3.825;0;0.109;0.219;0.00219;0.513;0.111;84.733;547733;4;80;2010;29;0,943887776;0,8625
Blue Monday;New Order;Substance;0.762;0.651;0;-13.34;1;0.0655;0.00198;0.856;0.111;0.941;130.395;449160;4;73;1987;30;0,941883768;0,775
Alison;Slowdive;Souvlaki;0.276;0.449;4;-11.428;1;0.0375;0.00782;0.783;0.108;0.278;101.687;230987;4;62;1993;31;0,93987976;0,6375
Disintegration - Remastered;The Cure;Disintegration (Deluxe Edition);0.59;0.943;2;-5.941;1;0.056;0.32;0.0291;0.366;0.128;122.016;499853;4;52;1989;32;0,937875752;0,5125
Plainsong - Remastered;The Cure;Disintegration (Deluxe Edition);0.361;0.428;0;-9.282;1;0.0306;0.00451;0.66;0.0879;0.125;86.884;317347;4;49;1989;32;0,937875752;0,475
Jóga;Björk;Homogenic;0.226;0.699;1;-6.327;0;0.065;0.403;5.65e-05;0.0797;0.228;145.852;305360;4;54;1997;33;0,935871743;0,5375
Teen Age Riot (Album Version);Sonic Youth;Daydream Nation (Deluxe Edition);0.286;0.907;7;-9.67;1;0.0374;0.000277;0.202;0.0837;0.746;156.395;417800;4;60;1988;34;0,933867735;0,6125
Atmosphere;Joy Division;The Best Of;0.565;0.467;6;-10.078;1;0.0303;0.165;0.284;0.0808;0.426;120.17;250413;4;51;2008;35;0,931863727;0,5
She's Lost Control - 2007 Remaster;Joy Division;Unknown Pleasures (Collector's Edition);0.485;0.846;11;-7.63;0;0.0528;0.0157;0.0287;0.0766;0.743;144.246;237013;4;59;1979;35;0,931863727;0,6
Enjoy the Silence;Depeche Mode;The Singles 86-98;0.663;0.838;0;-5.744;0;0.0286;0.2;0.000177;0.0782;0.752;112.788;255133;4;72;1998;36;0,929859719;0,7625
Ceremony;New Order;Substance;0.558;0.436;5;-13.496;1;0.0269;0.00405;0.742;0.11;0.38;140.757;263600;4;58;1987;37;0,927855711;0,5875
In a Lonely Place;New Order;Substance;0.306;0.268;7;-18.097;1;0.0293;0.000326;0.829;0.106;0.346;178.779;376360;4;38;1987;37;0,927855711;0,3375
Sugar/Tzu;black midi;Hellfire;0.275;0.977;0;-4.418;1;0.378;0.105;1.08e-05;0.472;0.101;87.678;230687;4;54;2022;38;0,925851703;0,5375
How Soon Is Now? - 2011 Remaster;The Smiths;Hatful of Hollow;0.398;0.93;11;-6.76;1;0.0615;0.000854;0.121;0.0874;0.725;190.818;408173;4;72;1984;39;0,923847695;0,7625
Well I Wonder - 2011 Remaster;The Smiths;Meat Is Murder;0.643;0.59;11;-10.843;0;0.0284;0.0806;0.00578;0.174;0.818;126.651;239427;4;63;1985;39;0,923847695;0,65
Love Will Tear Us Apart;Joy Division;The Best Of;0.443;0.956;2;-6.198;1;0.0511;5.24e-05;0.825;0.135;0.909;146.754;206867;4;67;2008;40;0,921843687;0,7
What's Going On;Marvin Gaye;What's Going On;0.283;0.716;1;-9.632;0;0.0986;0.447;0.0;0.399;0.828;201.96;233000;4;71;1971;41;0,919839679;0,75
only shallow;my bloody valentine;loveless;0.14;0.641;0;-10.435;1;0.0422;0.000243;0.837;0.108;0.352;170.207;256573;4;55;1991;42;0,917835671;0,55
Bizarre Love Triangle;New Order;Brotherhood (Collector's Edition);0.613;0.885;10;-7.463;1;0.052;0.0804;0.746;0.0997;0.919;118.506;263213;4;67;1986;43;0,915831663;0,7
"The Court Of The Crimson King - Including ""The Return of the Fire Witch"" and ""The Dance of the Puppets""";King Crimson;In The Court Of The Crimson King (Expanded & Remastered Original Album Mix);0.334;0.349;4;-12.065;0;0.0448;0.0872;0.18;0.211;0.0644;137.134;602531;4;56;1969;44;0,913827655;0,5625
This Charming Man - 2011 Remaster;The Smiths;The Smiths;0.611;0.846;11;-5.9;1;0.0436;0.00509;0.0;0.0784;0.751;103.912;162920;4;78;1984;45;0,911823647;0,8375
The Moon;The Microphones;The Glow, Pt. 2;0.201;0.718;7;-9.821;1;0.0657;0.395;0.789;0.135;0.159;149.734;316640;4;49;2001;46;0,909819639;0,475
The Blacker The Berry;Kendrick Lamar;To Pimp A Butterfly;0.553;0.852;10;-4.08;0;0.305;0.00713;0.0;0.463;0.27;176.058;328827;4;63;2015;47;0,907815631;0,65
Come Together - Remastered 2009;The Beatles;Abbey Road (Remastered);0.533;0.376;9;-11.913;0;0.0393;0.0302;0.248;0.0926;0.187;165.007;259947;4;78;1969;48;0,905811623;0,8375
Something - Remastered 2009;The Beatles;Abbey Road (Remastered);0.396;0.338;0;-10.872;1;0.0304;0.198;2.62e-06;0.138;0.377;133.522;182293;4;72;1969;48;0,905811623;0,7625
B.O.B. - Bombs Over Baghdad;Outkast;Stankonia;0.746;0.978;9;-5.324;1;0.0978;0.0555;4.11e-05;0.026;0.653;153.809;304227;4;63;2000;49;0,903807615;0,65
No Surprises;Radiohead;OK Computer;0.255;0.393;5;-10.654;1;0.0278;0.0577;0.00361;0.113;0.118;76.426;229120;4;82;1997;50;0,901803607;0,8875
1979 - Remastered 2012;The Smashing Pumpkins;Mellon Collie And The Infinite Sadness (Deluxe Edition);0.767;0.787;3;-9.897;1;0.0331;0.0163;0.583;0.0513;0.964;126.879;266200;4;78;1995;51;0,899799599;0,8375
HAZARD DUTY PAY!;JPEGMAFIA;HAZARD DUTY PAY!;0.615;0.951;8;0.915;1;0.169;0.038;0.0;0.182;0.6;121.575;157169;4;60;2022;52;0,897795591;0,6125
Glory Box;Portishead;Dummy;0.51;0.434;1;-10.004;1;0.0361;0.177;0.516;0.0603;0.207;119.695;308627;4;71;1994;53;0,895791583;0,75
C.R.E.A.M. (Cash Rules Everything Around Me) (feat. Method Man, Raekwon, Inspectah Deck & Buddha Monk);Wu-Tang Clan, Method Man, Raekwon, Inspectah Deck, Buddha Monk;Enter The Wu-Tang (36 Chambers) [Expanded Edition];0.479;0.549;11;-10.551;0;0.373;0.57;0.0235;0.127;0.576;180.985;252187;4;76;1993;54;0,893787575;0,8125
Hyper-ballad;Björk;Post;0.528;0.439;5;-13.036;0;0.033;0.0254;0.0015;0.378;0.0361;134.964;321533;4;55;1995;55;0,891783567;0,55
Pagan Poetry;Björk;Vespertine;0.52;0.458;9;-8.234;1;0.0297;0.509;8.04e-06;0.086;0.169;131.968;314867;4;51;2001;56;0,889779559;0,5
Midnight In A Perfect World;DJ Shadow;Endtroducing.....;0.664;0.644;7;-9.334;0;0.0352;0.531;0.661;0.251;0.646;79.526;298373;4;56;1996;57;0,887775551;0,5625
Space Oddity - 2015 Remaster;David Bowie;David Bowie (aka Space Oddity) [2015 Remaster];0.31;0.403;0;-13.664;1;0.0326;0.0726;9.27e-05;0.139;0.466;134.48;318027;4;73;1969;58;0,885771543;0,775
Neighborhood #1 (Tunnels);Arcade Fire;Funeral;0.282;0.738;0;-5.566;1;0.0324;0.0647;0.0142;0.29;0.211;126.914;288333;4;58;2004;59;0,883767535;0,5875
Born Under Punches (The Heat Goes On) - 2005 Remaster;Talking Heads;Remain in Light (Deluxe Version);0.734;0.859;7;-7.237;0;0.0922;0.215;0.343;0.0823;0.908;112.941;349280;4;53;1980;60;0,881763527;0,525
Pictures Of You - Remastered;The Cure;Disintegration (Deluxe Edition);0.476;0.764;9;-6.454;1;0.032;0.00325;0.112;0.138;0.545;171.903;448307;4;62;1989;61;0,879759519;0,6375
Luv(sic.) pt3 (feat. Shing02);Nujabes, Shing02;Modal Soul;0.866;0.691;5;-4.371;0;0.0478;0.727;0.503;0.0737;0.87;94.997;336867;4;61;2005;62;0,877755511;0,625
Ain't it Funny;Danny Brown;Atrocity Exhibition;0.483;0.841;5;-5.115;0;0.0964;0.0108;2.71e-06;0.382;0.204;114.382;177025;4;55;2016;63;0,875751503;0,55
Like a Rolling Stone;Bob Dylan;Highway 61 Revisited;0.482;0.721;0;-6.839;1;0.0321;0.731;0.0;0.189;0.557;95.263;369600;4;70;1965;64;0,873747495;0,7375
Move on Up - Single Edit;Curtis Mayfield;Move on Up;0.538;0.969;11;-5.626;0;0.0906;0.417;0.00154;0.119;0.928;138.652;165790;4;70;1970;65;0,871743487;0,7375
The Heart Part 5;Kendrick Lamar;Mr. Morale & The Big Steppers;0.7;0.812;1;-8.128;0;0.297;0.183;0.0;0.0756;0.801;97.405;332229;4;65;2022;66;0,869739479;0,675
Fourth of July;Sufjan Stevens;Carrie & Lowell;0.435;0.104;6;-22.39;0;0.0445;0.973;0.33;0.119;0.162;120.484;279316;4;82;2015;67;0,867735471;0,8875
Alone Again Or - 2015 Remaster;Love;Forever Changes (2015 Remaster);0.318;0.303;11;-15.572;0;0.0302;0.664;0.000223;0.113;0.226;174.254;197275;4;57;1967;68;0,865731463;0,575
A House Is Not a Motel - 2015 Remaster;Love;Forever Changes (2015 Remaster);0.452;0.444;9;-17.599;0;0.0467;0.306;0.0031;0.0756;0.82;80.767;211702;4;47;1967;68;0,865731463;0,45
All Along the Watchtower;Jimi Hendrix;Electric Ladyland;0.438;0.805;8;-6.237;1;0.0624;0.00255;5.69e-05;0.0842;0.564;113.253;240800;4;77;1968;69;0,863727455;0,825
Obstacle 1;Interpol;Turn On The Bright Lights;0.377;0.938;5;-4.9;1;0.0618;5.18e-05;0.58;0.0705;0.385;120.514;251293;4;51;2002;70;0,861723447;0,5
(Sittin' On) the Dock of the Bay;Otis Redding;The Dock of the Bay (Mono);0.769;0.367;2;-11.226;1;0.0312;0.684;1.62e-05;0.081;0.535;103.621;163756;4;76;1968;71;0,859719439;0,8125
The World Is Yours;Nas;Illmatic;0.678;0.794;10;-6.186;0;0.14;0.274;1.68e-06;0.124;0.54;87.374;290573;4;69;1994;72;0,857715431;0,725
All My Friends;LCD Soundsystem;Sound of Silver;0.701;0.788;2;-5.611;1;0.0425;0.148;0.625;0.0977;0.795;142.584;462267;4;59;2007;73;0,855711423;0,6
Ladies and gentlemen we are floating in space;Spiritualized;Ladies and gentlemen we are floating in space;0.376;0.41;2;-11.452;1;0.034;0.753;0.000543;0.234;0.171;100.031;234053;3;55;1997;74;0,853707415;0,55
Space Song;Beach House;Depression Cherry;0.507;0.79;0;-7.307;0;0.0294;0.233;0.139;0.145;0.6;147.065;320467;4;77;2015;75;0,851703407;0,825
ナイトクルージング;Fishmans;空中キャンプ;0.52;0.771;2;-10.323;1;0.0685;0.278;0.651;0.275;0.661;142.114;361733;3;44;1996;76;0,849699399;0,4125
Care Of Cell 44;The Zombies;Odessey and Oracle;0.421;0.58;7;-7.011;1;0.0285;0.265;0.0136;0.0973;0.403;129.959;235827;4;48;1968;77;0,847695391;0,4625
Concorde;Black Country, New Road;Ants From Up There;0.565;0.284;9;-11.881;1;0.0286;0.023;0.098;0.113;0.314;131.309;363773;3;56;2022;78;0,845691383;0,5625
Paper Planes;M.I.A.;Kala;0.447;0.848;2;-6.175;1;0.222;0.033;7.46e-05;0.65;0.485;172.253;205200;4;78;2007;79;0,843687375;0,8375
The Great Curve - 2005 Remaster;Talking Heads;Remain in Light (Deluxe Version);0.6;0.869;10;-5.591;1;0.0795;0.403;0.0205;0.0683;0.687;152.06;387560;4;48;1980;80;0,841683367;0,4625
London Calling - Remastered;The Clash;London Calling (Remastered);0.651;0.801;0;-7.34;1;0.0514;0.123;0.0;0.0825;0.776;133.769;200480;4;73;1979;81;0,839679359;0,775
Train in Vain (Stand by Me) - Remastered;The Clash;London Calling (Remastered);0.762;0.722;2;-8.712;1;0.0428;0.0922;0.000368;0.132;0.966;122.769;194667;4;67;1979;81;0,839679359;0,7
The Model - 2009 Remaster;Kraftwerk;The Man-Machine (2009 Remaster);0.708;0.683;4;-7.768;0;0.0344;0.00122;0.643;0.121;0.463;123.602;220533;4;60;1978;82;0,837675351;0,6125
Computer Love - 2009 Remaster;Kraftwerk;Computer World (2009 Remaster);0.713;0.622;5;-11.466;0;0.0299;0.802;0.845;0.0944;0.516;124.693;439440;4;48;1981;82;0,837675351;0,4625
Walk On the Wild Side;Lou Reed;Transformer;0.575;0.318;0;-16.729;1;0.109;0.683;0.000202;0.0934;0.385;104.522;254173;4;73;1972;83;0,835671343;0,775
Perfect Day;Lou Reed;Transformer;0.4;0.267;10;-12.488;1;0.0323;0.744;0.00734;0.103;0.0872;144.799;225000;3;68;1972;83;0,835671343;0,7125
The Rip;Portishead;Third;0.418;0.486;9;-9.421;0;0.0318;0.929;0.461;0.0988;0.249;74.924;270960;4;56;2008;84;0,833667335;0,5625
Time - 2011 Remastered Version;Pink Floyd;The Dark Side Of The Moon (2011 Remastered Version);0.355;0.447;9;-13.631;1;0.0894;0.453;0.00225;0.163;0.369;122.473;422853;4;65;1973;85;0,831663327;0,675
Sound and Vision - 2017 Remaster;David Bowie;Low (2017 Remaster);0.667;0.804;2;-8.583;1;0.0398;0.0328;0.0544;0.0632;0.759;105.799;184382;4;64;1977;86;0,829659319;0,6625
Debaser;Pixies;Doolittle;0.489;0.913;5;-9.152;0;0.0479;0.00015;0.709;0.0703;0.539;135.756;171747;4;64;1989;87;0,827655311;0,6625
Teardrop;Massive Attack;Mezzanine;0.615;0.419;11;-8.8;0;0.0395;0.0173;0.497;0.135;0.216;76.997;330773;4;71;1998;88;0,825651303;0,75
Lazarus;David Bowie;Blackstar;0.66;0.695;9;-6.896;0;0.029;0.0466;0.145;0.0854;0.506;129.972;382387;4;58;2016;89;0,823647295;0,5875
Ashes to Ashes - 2017 Remaster;David Bowie;Scary Monsters (And Super Creeps) [2017 Remaster];0.71;0.743;1;-10.553;1;0.0507;0.273;0.000406;0.258;0.866;120.277;266160;4;66;1980;90;0,821643287;0,6875
Waterloo Sunset;The Kinks;Something Else (Deluxe);0.512;0.69;1;-6.969;0;0.0249;0.162;0.0;0.167;0.417;107.839;194216;4;64;1967;91;0,819639279;0,6625
Fade Into You;Mazzy Star;So Tonight That I Might See;0.42;0.33;9;-13.925;1;0.0275;0.245;0.000679;0.0677;0.175;157.143;295600;3;80;1993;92;0,817635271;0,8625
California Dreamin';The Mamas & The Papas;All The Leaves Are Brown The Golden Era Collection;0.548;0.728;1;-6.631;0;0.0367;0.424;0.0;0.0525;0.649;112.332;160373;4;69;2001;93;0,815631263;0,725
Int'l Players Anthem (I Choose You) (feat. Outkast);UGK, Outkast;UGK (Underground Kingz);0.675;0.68;4;-5.01;0;0.256;0.0655;0.0;0.354;0.845;155.698;259040;4;66;2007;94;0,813627255;0,6875
Since I Left You;The Avalanches;Since I Left You;0.518;0.912;7;-7.275;1;0.0573;0.226;0.0;0.726;0.504;102.778;262840;4;53;2001;95;0,811623246;0,525
Alright;Kendrick Lamar;To Pimp A Butterfly;0.796;0.766;7;-5.974;1;0.238;0.0742;0.0;0.0827;0.558;110.034;219333;4;81;2015;96;0,809619238;0,875
Jesus, Etc. - 2022 Remaster;Wilco;Yankee Hotel Foxtrot (2022 Remaster);0.754;0.306;5;-13.322;1;0.0292;0.721;0.0118;0.254;0.664;109.389;231707;4;46;2002;97;0,80761523;0,4375
Suzanne;Leonard Cohen;Songs Of Leonard Cohen;0.409;0.172;6;-16.44;0;0.0389;0.922;0.00112;0.111;0.352;132.151;229293;4;65;1967;98;0,805611222;0,675
Hey, That's No Way to Say Goodbye;Leonard Cohen;Songs Of Leonard Cohen;0.442;0.25;10;-13.017;1;0.0314;0.893;1.76e-05;0.103;0.285;138.906;176520;4;55;1967;98;0,805611222;0,55
Waltz #2 (XO);Elliott Smith;XO;0.633;0.49;10;-7.668;1;0.0255;0.395;6.92e-05;0.0886;0.66;132.178;280107;3;60;1998;99;0,803607214;0,6125
Bachelorette;Björk;Homogenic;0.46;0.912;0;-4.353;0;0.0694;0.0556;8.52e-06;0.105;0.34;96.957;312667;4;52;1997;100;0,801603206;0,5125
Hounds Of Love;Kate Bush;Hounds Of Love;0.546;0.748;5;-13.989;1;0.0384;0.505;0.0;0.16;0.9;145.582;183267;4;61;1985;101;0,799599198;0,625
Carry Me Ohio;Sun Kil Moon;Ghosts of the Great Highway;0.594;0.512;6;-8.872;1;0.0236;0.317;0.103;0.113;0.52;97.348;381040;4;46;2003;102;0,79759519;0,4375
These Walls;Kendrick Lamar, Bilal, Anna Wise, Thundercat;To Pimp A Butterfly;0.752;0.489;1;-5.233;1;0.137;0.11;3.57e-06;0.202;0.373;108.005;300973;4;66;2015;103;0,795591182;0,6875
Paint It, Black;The Rolling Stones;Aftermath;0.464;0.795;1;-9.267;1;0.0926;0.0493;0.00244;0.399;0.612;158.691;202267;4;80;1966;104;0,793587174;0,8625
A Forest;The Cure;Seventeen Seconds;0.587;0.493;0;-14.927;1;0.0505;0.423;0.712;0.0909;0.451;161.222;354640;4;65;1980;105;0,791583166;0,675
Beach Life-In-Death;Car Seat Headrest;Twin Fantasy;0.247;0.792;0;-7.101;1;0.093;0.00393;0.0895;0.393;0.26;114.49;798693;4;54;2018;106;0,789579158;0,5375
They Reminisce Over You (T.R.O.Y.);Pete Rock & C.L. Smooth;Mecca And The Soul Brother;0.761;0.683;2;-10.889;1;0.164;0.141;0.0;0.342;0.671;101.787;286693;4;63;1992;107;0,78757515;0,65
Pyramids;Frank Ocean;channel ORANGE;0.4;0.65;5;-6.104;0;0.0466;0.0118;7.62e-05;0.791;0.15;107.989;592920;4;74;2012;108;0,785571142;0,7875
Unfinished Sympathy - 2012 Mix/Master;Massive Attack;Blue Lines (2012 Mix/Master);0.592;0.835;7;-8.475;1;0.032;0.0393;0.209;0.665;0.703;114.436;308427;4;65;1991;109;0,783567134;0,675
Mind Playing Tricks on Me;Geto Boys;We Can't Be Stopped;0.886;0.512;10;-11.825;0;0.237;0.207;0.0;0.0991;0.454;93.997;308733;4;67;1991;110;0,781563126;0,7
Gimme Shelter;The Rolling Stones;Let It Bleed;0.634;0.63;1;-8.277;0;0.031;0.447;0.039;0.17;0.489;118.628;270773;4;77;1969;111;0,779559118;0,825
Holiday in Cambodia;Dead Kennedys;Give Me Convenience or Give Me Death;0.133;0.927;7;-5.371;1;0.0741;0.00344;0.00044;0.0915;0.5;197.708;224867;4;56;1987;112;0,77755511;0,5625
Police Truck;Dead Kennedys;Fresh Fruit For Rotting Vegetables (Expanded Edition);0.209;0.969;4;-5.365;1;0.0979;0.0885;7.9e-05;0.319;0.508;199.882;144920;4;49;1980;112;0,77755511;0,475
Surf's Up;The Beach Boys;The Smile Sessions;0.335;0.408;0;-9.125;0;0.0275;0.676;9.6e-06;0.238;0.326;99.182;252267;4;33;2011;113;0,775551102;0,275
I Wanna Be Adored - Remastered;The Stone Roses;The Stone Roses;0.494;0.862;4;-9.158;0;0.0273;0.012;0.213;0.228;0.59;112.596;292800;4;66;1989;114;0,773547094;0,6875
Someone Great;LCD Soundsystem;Sound of Silver;0.722;0.894;7;-5.903;1;0.0325;0.0418;0.00374;0.11;0.396;113.003;390013;4;58;2007;115;0,771543086;0,5875
Everybody Wants To Rule The World;Tears For Fears;Songs From The Big Chair (Super Deluxe Edition);0.645;0.795;7;-12.095;1;0.0527;0.347;0.00389;0.104;0.535;112.067;251489;4;88;1985;116;0,769539078;0,9625
The Killing Moon;Echo & the Bunnymen;"Ocean Rain (Expanded; 2007 Remaster)";0.568;0.829;7;-7.066;1;0.0303;0.218;0.00418;0.0976;0.79;124.201;348293;4;62;1984;117;0,76753507;0,6375
The Chain - 2004 Remaster;Fleetwood Mac;Rumours (Super Deluxe);0.545;0.67;9;-8.81;1;0.0496;0.009;0.000822;0.0451;0.481;151.553;270213;4;81;1977;118;0,765531062;0,875
Go Your Own Way - 2004 Remaster;Fleetwood Mac;Rumours;0.583;0.947;5;-5.12;1;0.0378;0.0185;0.00109;0.0679;0.803;135.448;223613;4;78;1977;118;0,765531062;0,8375
Billie Jean;Michael Jackson;Thriller 25 Super Deluxe Edition;0.92;0.654;11;-3.051;0;0.0401;0.0236;0.0153;0.036;0.847;117.046;293827;4;85;1982;119;0,763527054;0,925
Saint Pablo;Kanye West;The Life Of Pablo;0.461;0.772;2;-3.98;0;0.375;0.282;0.0;0.178;0.414;167.018;372113;4;70;2016;120;0,761523046;0,7375
King Kunta;Kendrick Lamar;To Pimp A Butterfly;0.884;0.657;6;-4.569;0;0.0977;0.00589;0.0;0.154;0.489;107.059;234693;4;75;2015;121;0,759519038;0,8
Dreams - 2004 Remaster;Fleetwood Mac;Rumours (Super Deluxe);0.828;0.492;0;-9.744;1;0.0276;0.0644;0.00428;0.128;0.789;120.151;257800;4;84;1977;122;0,75751503;0,9125
A Change Is Gonna Come;Sam Cooke;Ain't That Good News;0.212;0.383;10;-10.071;1;0.0347;0.723;0.0;0.299;0.452;173.79;191160;3;67;1964;123;0,755511022;0,7
I've Seen Footage;Death Grips;The Money Store;0.603;0.944;11;-3.626;0;0.347;0.0481;0.0;0.342;0.418;130.035;202853;4;59;2012;124;0,753507014;0,6
The Message - Extended Version;Grandmaster Flash & The Furious Five;The Message (Expanded Edition);0.947;0.626;1;-10.106;1;0.205;0.0227;3.37e-06;0.0853;0.724;100.6;430013;4;50;2010;125;0,751503006;0,4875
True Faith;New Order;Substance;0.589;0.784;0;-13.037;1;0.0312;0.175;0.0767;0.132;0.941;116.981;355067;4;57;1987;126;0,749498998;0,575
Strange Fruit;Billie Holiday;Billie Holiday;0.313;0.0437;6;-22.627;1;0.0315;0.989;0.148;0.209;0.0625;100.827;192867;1;58;1957;127;0,74749499;0,5875
Vitamin C;CAN;Ege Bamyasi (Remastered);0.629;0.653;4;-12.578;0;0.0448;0.00615;0.734;0.143;0.853;117.13;212000;4;54;1972;128;0,745490982;0,5375
Run Away With Me;Carly Rae Jepsen;Emotion (Deluxe Expanded Edition);0.561;0.7;1;-6.284;1;0.0491;0.0168;5.43e-05;0.0592;0.298;119.015;251327;4;60;2015;129;0,743486974;0,6125
The Sound of Silence - Acoustic Version;Simon & Garfunkel;Wednesday Morning, 3 A.M.;0.525;0.216;6;-13.551;1;0.0301;0.837;0.0;0.107;0.328;106.761;185413;4;73;1964;130;0,741482966;0,775
Superstition - Single Version;Stevie Wonder;The Definitive Collection;0.633;0.634;8;-12.115;1;0.0725;0.038;0.0064;0.0385;0.872;100.499;245493;4;76;2002;131;0,739478958;0,8125
Would? (2022 Remaster);Alice In Chains;Dirt (2022 Remaster);0.305;0.833;6;-7.981;1;0.0398;0.000327;2.36e-05;0.091;0.586;100.675;206773;4;74;1992;132;0,73747495;0,7875
Svefn-g-englar;Sigur Rós;Ágætis byrjun;0.2;0.466;9;-12.298;1;0.0486;0.557;0.702;0.108;0.0572;136.913;606850;5;58;1999;133;0,735470942;0,5875
New Grass;Talk Talk;Laughing Stock;0.455;0.386;9;-20.548;1;0.0315;0.825;0.271;0.322;0.196;99.553;586440;3;35;1991;134;0,733466934;0,3
93 'Til Infinity;Souls Of Mischief;93 'til Infinity;0.59;0.672;1;-11.792;1;0.412;0.125;1.04e-06;0.147;0.688;206.247;286440;4;71;1993;135;0,731462926;0,75
Street Spirit (Fade Out);Radiohead;The Bends;0.488;0.454;4;-11.544;0;0.0304;0.317;0.694;0.179;0.131;138.076;253853;4;66;1995;136;0,729458918;0,6875
Devil In A New Dress;Kanye West, Rick Ross;My Beautiful Dark Twisted Fantasy;0.435;0.76;8;-4.935;0;0.0721;0.0175;0.0;0.158;0.206;80.082;351947;4;80;2010;137;0,72745491;0,8625
Simulation Swarm;Big Thief;Dragon New Warm Mountain I Believe In You;0.703;0.578;1;-9.103;1;0.0728;0.446;0.0024;0.102;0.67;105.204;252734;4;64;2022;138;0,725450902;0,6625
Holland, 1945;Neutral Milk Hotel;In the Aeroplane Over the Sea;0.0621;0.887;7;-4.305;1;0.0632;0.0399;0.000156;0.619;0.48;198.441;192533;4;60;1998;139;0,723446894;0,6125
It Ain't Hard to Tell;Nas;Illmatic;0.69;0.729;11;-5.819;0;0.221;1.7e-05;0.0431;0.152;0.357;91.376;202107;4;65;1994;140;0,721442886;0,675
Station to Station - 2016 Remaster;David Bowie;Station to Station (2016 Remaster);0.47;0.728;7;-12.031;1;0.0942;0.117;0.000886;0.0426;0.641;121.346;617720;4;50;1976;141;0,719438878;0,4875
Should Have Known Better;Sufjan Stevens;Carrie & Lowell;0.493;0.171;7;-20.696;1;0.0317;0.98;0.263;0.126;0.296;90.928;307698;4;65;2015;142;0,71743487;0,675
Bodys;Car Seat Headrest;Twin Fantasy;0.518;0.843;2;-7.361;1;0.0544;0.00136;0.0119;0.132;0.249;143.903;406935;4;59;2018;143;0,715430862;0,6
I Believe in You - 1997 Remaster;Talk Talk;Spirit of Eden;0.523;0.185;6;-21.881;1;0.0252;0.692;0.248;0.178;0.161;90.654;370387;4;44;1988;144;0,713426854;0,4125
Archangel;Burial;Untrue;0.604;0.851;1;-10.117;1;0.166;0.457;0.548;0.114;0.553;135.125;240427;4;50;2007;145;0,711422846;0,4875
Take Five;The Dave Brubeck Quartet;Time Out;0.454;0.26;8;-13.193;0;0.0401;0.539;0.00078;0.0675;0.598;174.322;324133;5;67;1959;146;0,709418838;0,7
Blue Rondo à la Turk;The Dave Brubeck Quartet;Time Out;0.588;0.4;7;-11.914;0;0.036;0.851;0.352;0.11;0.468;113.615;403640;4;50;1959;146;0,709418838;0,4875
Transdermal Celebration;Ween;Quebec;0.153;0.783;10;-6.042;1;0.0457;0.000368;0.0111;0.227;0.295;171.397;206000;4;51;2003;147;0,70741483;0,5
On Melancholy Hill;Gorillaz;Plastic Beach;0.689;0.739;2;-5.81;1;0.026;1.51e-05;0.509;0.064;0.578;120.423;233867;4;78;2010;148;0,705410822;0,8375
Life Of The Party (with André 3000);Kanye West, André 3000;Donda (Deluxe);0.502;0.714;2;-6.668;1;0.257;0.138;0.0;0.97;0.305;79.136;391656;4;62;2021;149;0,703406814;0,6375
You Lose!;Magdalena Bay;Mercurial World;0.628;0.909;9;-6.168;0;0.0423;6.78e-05;0.372;0.923;0.164;120.01;204391;4;54;2021;150;0,701402806;0,5375
Transmission;Joy Division;The Best Of;0.411;0.879;7;-6.302;1;0.0468;0.00487;0.0446;0.104;0.499;153.31;217200;4;48;2008;151;0,699398798;0,4625
One Hundred Years;The Cure;Pornography;0.438;0.703;7;-12.352;1;0.039;0.00575;0.586;0.0997;0.277;132.557;399867;4;47;1982;152;0,69739479;0,45
I Wanna Be Your Dog;The Stooges;The Stooges;0.527;0.871;4;-8.708;1;0.0354;0.0229;0.155;0.419;0.107;120.722;188560;4;60;1969;153;0,695390782;0,6125
After The Flood;Talk Talk;Laughing Stock;0.412;0.46;10;-14.746;1;0.027;0.421;0.578;0.0981;0.11;89.374;566933;4;33;1991;154;0,693386774;0,275
Inbetween Days;The Cure;The Head On The Door;0.546;0.836;9;-6.321;1;0.0317;0.107;0.583;0.166;0.735;142.605;177987;4;69;1985;155;0,691382766;0,725
Fuck Tha Police;N.W.A.;N.W.A. Greatest Hits;0.85;0.837;6;-6.37;0;0.291;0.00956;0.0;0.0772;0.737;98.694;343373;4;59;1996;156;0,689378758;0,6
Hard To Explain;The Strokes;Is This It;0.406;0.682;7;-6.281;1;0.0584;0.000413;0.849;0.0999;0.623;82.495;223980;4;63;2001;157;0,687374749;0,65
It Was A Good Day;Ice Cube;The Predator;0.798;0.744;7;-5.328;0;0.136;0.33;0.000106;0.292;0.794;82.356;260000;4;82;1992;158;0,685370741;0,8875
Paranoid;Black Sabbath;Paranoid (2009 Remastered Version);0.429;0.631;4;-11.514;0;0.0769;7.85e-05;0.00411;0.175;0.376;162.734;168440;4;81;1970;159;0,683366733;0,875
Thirteen;Big Star;#1 Record (Remastered);0.456;0.344;0;-10.296;0;0.0298;0.565;9.19e-06;0.114;0.359;117.116;154480;4;54;1972;160;0,681362725;0,5375
The Dripping Tap;King Gizzard & The Lizard Wizard;Omnium Gatherum;0.188;0.942;2;-4.706;1;0.191;0.000505;0.62;0.39;0.231;179.248;1097013;4;55;2022;161;0,679358717;0,55
Ever Fallen in Love (With Someone You Shouldn't've?) - 1996 Remastered Version;Buzzcocks;Love Bites;0.266;0.831;4;-9.07;1;0.0453;0.000862;0.0;0.0555;0.778;175.514;163693;4;65;1978;162;0,677354709;0,675
Don't Worry Baby;The Beach Boys;50 Big Ones: Greatest Hits;0.505;0.388;4;-10.849;1;0.0302;0.364;2.58e-05;0.168;0.849;120.987;170933;4;49;2012;163;0,675350701;0,475
I Get Around;The Beach Boys;50 Big Ones: Greatest Hits;0.388;0.63;9;-6.292;0;0.0453;0.32;0.0;0.0738;0.774;145.931;133760;4;57;2012;163;0,675350701;0,575
All Is Full Of Love;Björk;Greatest Hits;0.487;0.467;10;-10.171;0;0.027;0.0484;0.0717;0.0939;0.0377;152.018;286333;4;53;2002;164;0,673346693;0,525
POWER;Kanye West;My Beautiful Dark Twisted Fantasy;0.542;0.914;0;-4.747;0;0.113;0.0161;0.0;0.744;0.576;153.993;292093;4;79;2010;165;0,671342685;0,85
Jigsaw Falling Into Place;Radiohead;In Rainbows;0.462;0.832;11;-6.085;0;0.0479;0.108;0.00416;0.0741;0.807;165.653;248893;4;69;2007;166;0,669338677;0,725
Rebellion (Lies);Arcade Fire;Funeral;0.401;0.933;8;-5.682;1;0.0344;0.00744;0.627;0.318;0.734;127.193;310893;4;64;2004;167;0,667334669;0,6625
Time of the Season - Mono Version;The Zombies;Odessey and Oracle;0.536;0.696;4;-6.818;0;0.0365;0.134;3.19e-06;0.287;0.683;117.179;214027;4;54;1968;168;0,665330661;0,5375
Baba O'Riley;The Who;Who's Next (Deluxe Edition);0.489;0.724;5;-8.367;1;0.0352;0.313;0.185;0.287;0.15;117.292;300400;4;77;1971;169;0,663326653;0,825
The National Anthem;Radiohead;Kid A;0.488;0.754;2;-8.552;1;0.0378;0.00237;0.851;0.224;0.388;91.517;351693;4;57;2000;170;0,661322645;0,575
Living For The City;Stevie Wonder;The Definitive Collection;0.708;0.538;11;-10.28;1;0.0686;0.256;0.0;0.193;0.651;98.233;219307;4;53;2002;171;0,659318637;0,525
The Boy with the Thorn in His Side - 2011 Remaster;The Smiths;The Queen Is Dead;0.514;0.87;7;-6.516;1;0.0419;0.208;4.1e-05;0.524;0.847;118.962;196627;4;61;1986;172;0,657314629;0,625
Asleep - 2011 Remaster;The Smiths;Louder Than Bombs;0.512;0.255;0;-15.867;1;0.0291;0.88;0.532;0.146;0.215;115.144;253560;3;66;1987;172;0,657314629;0,6875
Human Sadness;The Voidz;Tyranny;0.231;0.752;0;-4.744;1;0.046;0.231;0.781;0.113;0.115;122.901;656901;4;54;2014;173;0,655310621;0,5375
Common People;Pulp;Different Class;0.314;0.797;0;-9.026;1;0.038;0.0057;5.59e-05;0.0718;0.569;145.393;351627;4;70;1995;174;0,653306613;0,7375
Welcome To Hell;black midi;Hellfire;0.528;0.941;0;-1.596;1;0.193;0.168;0.000498;0.0931;0.466;128.904;249709;4;53;2022;175;0,651302605;0,525
1539 N. Calvert;JPEGMAFIA;Veteran;0.863;0.717;4;-3.143;0;0.17;0.278;0.0826;0.0991;0.357;152.05;157259;4;65;2018;176;0,649298597;0,675
Unison;Björk;Vespertine;0.52;0.508;5;-10.986;1;0.0489;0.392;0.0424;0.203;0.207;147.935;407600;4;45;2001;177;0,647294589;0,425
Oblivion;Grimes;Visions;0.697;0.529;2;-8.838;1;0.0338;0.115;0.896;0.0895;0.486;155.974;251267;4;70;2012;178;0,645290581;0,7375
Digital Bath;Deftones;White Pony;0.338;0.859;4;-4.938;0;0.0824;0.00122;0.211;0.0936;0.504;92.966;255373;4;68;2000;179;0,643286573;0,7125
White Rabbit;Jefferson Airplane;Surrealistic Pillow;0.551;0.293;2;-12.503;1;0.0272;0.486;0.000273;0.0864;0.322;106.798;150640;4;72;1967;180;0,641282565;0,7625
to here knows when;my bloody valentine;loveless;0.236;0.795;0;-10.041;1;0.0708;2.48e-05;0.845;0.368;0.0719;97.12;331000;4;45;1991;181;0,639278557;0,425
Angel;Massive Attack;Mezzanine;0.714;0.309;7;-10.796;1;0.0291;0.0157;0.807;0.0777;0.0671;107.346;379533;4;63;1998;182;0,637274549;0,65
Through The Wire;Kanye West;The College Dropout;0.571;0.739;7;-6.11;1;0.247;0.00865;5.21e-06;0.158;0.66;83.089;221227;4;76;2004;183;0,635270541;0,8125
Comfortably Numb - 2011 Remastered Version;Pink Floyd;The Wall (Remastered);0.479;0.309;11;-14.751;0;0.0299;0.153;0.22;0.134;0.182;127.155;379213;4;68;1979;184;0,633266533;0,7125
soon;my bloody valentine;loveless;0.431;0.927;6;-9.072;0;0.0432;5.99e-06;0.869;0.42;0.632;109.55;419307;4;49;1991;185;0,631262525;0,475
Psycho Killer - 2005 Remaster;Talking Heads;Talking Heads '77 (Deluxe Version);0.721;0.521;2;-8.123;1;0.0613;0.0708;0.00545;0.127;0.942;123.118;261413;4;78;1977;186;0,629258517;0,8375
This Is the Day;The The;Soul Mining;0.576;0.703;10;-10.913;1;0.0486;0.0237;0.0013;0.0752;0.684;141.567;296333;4;56;1983;187;0,627254509;0,5625
Outdoor Miner - 2006 Remastered Version;Wire;Chairs Missing;0.568;0.636;4;-8.862;1;0.0297;0.431;3.02e-06;0.492;0.71;124.37;104507;4;47;1978;188;0,625250501;0,45
Baby I'm Bleeding;JPEGMAFIA;Veteran;0.574;0.859;1;-2.401;1;0.193;0.195;0.0;0.416;0.828;171.392;152246;4;56;2018;189;0,623246493;0,5625
Andromeda;Weyes Blood;Titanic Rising;0.467;0.461;1;-7.94;0;0.0274;0.368;0.00115;0.358;0.188;131.325;280187;4;67;2019;190;0,621242485;0,7
NYC;Interpol;Turn On The Bright Lights;0.167;0.759;5;-5.059;1;0.0333;0.0133;0.0629;0.11;0.284;148.646;259733;3;34;2002;191;0,619238477;0,2875
I Heard It Through The Grapevine;Marvin Gaye;In The Groove;0.711;0.362;3;-10.851;0;0.0381;0.272;0.0;0.127;0.616;117.287;194293;4;72;1968;192;0,617234469;0,7625
Digital Love;Daft Punk;Discovery;0.644;0.664;9;-8.398;1;0.0332;0.048;0.867;0.342;0.53;124.726;301373;4;67;2001;193;0,615230461;0,7
Let's Stay Together;Al Green;Let's Stay Together;0.756;0.401;7;-10.702;0;0.0526;0.582;0.011;0.0541;0.514;101.954;199396;4;75;1972;194;0,613226453;0,8
Temptation;New Order;Substance;0.6;0.881;0;-9.478;1;0.0337;0.29;0.851;0.222;0.936;124.977;419240;4;56;1987;195;0,611222445;0,5625
I'll Be Your Mirror;The Velvet Underground, Nico;The Velvet Underground & Nico 45th Anniversary;0.609;0.295;7;-14.933;1;0.0328;0.176;1.86e-06;0.0859;0.279;108.976;134040;4;61;1967;196;0,609218437;0,625
Life's a Bitch (feat. AZ & Olu Dara);Nas, AZ, Olu Dara;Illmatic;0.775;0.734;7;-5.41;1;0.215;0.00138;0.0;0.304;0.342;90.001;210840;4;63;1994;197;0,607214429;0,65
Hidden Place;Björk;Vespertine;0.454;0.787;9;-10.362;0;0.177;0.0514;0.00391;0.112;0.432;149.873;329360;4;49;2001;198;0,605210421;0,475
Change (In the House of Flies);Deftones;White Pony;0.269;0.853;7;-4.647;0;0.0854;0.000249;0.000246;0.118;0.179;141.581;299533;4;78;2000;199;0,603206413;0,8375
Knees;Injury Reserve;By the Time I Get to Phoenix;0.398;0.551;10;-11.852;0;0.202;0.0611;1.34e-05;0.117;0.327;83.1;303806;1;46;2021;200;0,601202405;0,4375
Hoppípolla;Sigur Rós;Takk...;0.312;0.543;11;-9.875;1;0.0308;0.0356;0.225;0.128;0.178;140.109;270013;4;58;2005;201;0,599198397;0,5875
Resonance;Home;Resonance;0.568;0.736;8;-8.693;1;0.0654;0.0406;0.839;0.216;0.361;170.078;212904;5;63;2014;202;0,597194389;0,65
Day Tripper - Remastered 2015;The Beatles;1 (Remastered);0.665;0.782;6;-8.438;0;0.0307;0.12;4.19e-06;0.125;0.731;137.453;169000;4;66;2000;203;0,595190381;0,6875
We Can Work It Out - Remastered 2015;The Beatles;1 (Remastered);0.378;0.677;2;-8.63;1;0.0298;0.0635;0.0;0.183;0.648;106.071;135693;4;61;2000;203;0,595190381;0,625
Born to Run;Bruce Springsteen;Born To Run;0.27;0.944;4;-4.199;1;0.0975;0.00501;2.05e-05;0.116;0.606;146.347;269920;4;73;1975;204;0,593186373;0,775
Construção;Chico Buarque;Construção;0.479;0.725;4;-5.615;0;0.0298;0.24;1.19e-05;0.158;0.595;126.727;383627;4;57;1971;205;0,591182365;0,575
Cotidiano;Chico Buarque;Construção;0.477;0.835;7;-5.248;0;0.0533;0.38;8.3e-06;0.062;0.778;89.855;168373;4;58;1971;205;0,591182365;0,5875
All Caps;Madvillain, Madlib, MF DOOM;Madvillainy;0.358;0.889;1;-8.045;1;0.335;0.266;1.46e-05;0.172;0.666;85.61;130480;4;72;2004;206;0,589178357;0,7625
No More Parties In LA;Kanye West;The Life Of Pablo;0.508;0.921;5;-1.644;1;0.303;0.246;0.0;0.221;0.681;93.058;374413;4;73;2016;207;0,587174349;0,775
Bigmouth Strikes Again - 2011 Remaster;The Smiths;The Queen Is Dead;0.401;0.901;1;-5.011;0;0.041;0.0704;0.0;0.538;0.839;134.799;193320;4;71;1986;208;0,585170341;0,75
Lovesong;The Cure;Greatest Hits;0.58;0.869;9;-4.349;0;0.0297;0.375;0.276;0.159;0.736;139.945;206907;4;52;2001;209;0,583166333;0,5125
Light My Fire;The Doors;The Doors;0.413;0.725;3;-5.787;0;0.0324;0.369;2.16e-05;0.0905;0.44;124.618;429760;4;71;1967;210;0,581162325;0,75
My Sweet Lord - Remastered 2014;George Harrison;All Things Must Pass (Remastered 2014);0.537;0.701;1;-8.913;0;0.0335;0.0972;0.0;0.0832;0.583;120.919;281227;4;76;1970;211;0,579158317;0,8125
Gold Soundz;Pavement;Crooked Rain, Crooked Rain;0.448;0.614;9;-9.357;1;0.031;0.0675;0.0;0.14;0.479;126.459;159707;4;53;1994;212;0,577154309;0,525
All I Need;Radiohead;In Rainbows;0.67;0.478;4;-8.689;0;0.0355;0.531;0.428;0.138;0.0997;88.014;228747;4;68;2007;213;0,575150301;0,7125
Ghost Hardware;Burial;Untrue;0.606;0.859;0;-8.691;1;0.189;0.254;0.82;0.231;0.495;135.921;295093;4;41;2007;214;0,573146293;0,375
Lullaby;The Cure;Greatest Hits;0.73;0.676;9;-4.436;1;0.0467;0.00894;0.385;0.0534;0.551;93.922;248973;4;58;2001;215;0,571142285;0,5875
Pyramid Song;Radiohead;Amnesiac;0.12;0.336;11;-8.298;0;0.0352;0.786;0.404;0.111;0.0679;72.64;288733;4;62;2001;216;0,569138277;0,6375
Flashing Lights;Kanye West, Dwele;Graduation;0.639;0.628;6;-7.578;0;0.0399;0.0381;0.0;0.386;0.43;90.482;237507;4;85;2007;217;0,567134269;0,925
Master Of Puppets;Metallica;Master Of Puppets (Remastered);0.543;0.836;4;-9.11;0;0.0353;0.000647;0.431;0.153;0.56;105.173;515387;4;82;1986;218;0,565130261;0,8875
Sunglasses;Black Country, New Road;For the first time;0.474;0.412;6;-9.373;0;0.0433;0.0344;0.0194;0.106;0.114;122.202;590573;4;49;2021;219;0,563126253;0,475
Never Let Me Down Again;Depeche Mode;The Singles 86-98;0.577;0.933;2;-4.173;0;0.0312;0.281;0.0346;0.124;0.767;106.112;260493;4;52;1998;220;0,561122244;0,5125
Dream House;Deafheaven;Sunbather;0.1;0.804;7;-4.669;1;0.0768;6.84e-06;0.916;0.384;0.0954;82.211;554573;4;47;2013;221;0,559118236;0,45
Fake Plastic Trees;Radiohead;The Bends;0.463;0.229;2;-12.592;1;0.0297;0.167;0.0997;0.202;0.135;73.543;290707;4;72;1995;222;0,557114228;0,7625
Paperback Writer - Remastered 2015;The Beatles;1 (Remastered);0.472;0.856;7;-6.03;1;0.0562;0.147;2.78e-06;0.595;0.841;78.696;138200;4;59;2000;223;0,55511022;0,6
Eat Men Eat;black midi;Hellfire;0.351;0.937;4;-4.632;1;0.109;0.112;0.00147;0.606;0.406;131.926;188180;4;51;2022;224;0,553106212;0,5
Hey Ya!;Outkast;Speakerboxxx/The Love Below;0.727;0.974;4;-2.261;0;0.0664;0.103;0.000532;0.174;0.965;79.526;235213;4;82;2003;225;0,551102204;0,8875
Head Over Heels;Tears For Fears;Rule The World: The Greatest Hits;0.602;0.839;4;-4.251;0;0.0255;0.502;0.00128;0.095;0.653;95.159;256147;4;70;2017;226;0,549098196;0,7375
Suspended In Gaffa;Kate Bush;The Dreaming;0.674;0.31;9;-15.314;0;0.0326;0.552;0.0;0.0947;0.69;105.235;235107;4;52;1982;227;0,547094188;0,5125
William, It Was Really Nothing - 2011 Remaster;The Smiths;Hatful of Hollow;0.517;0.939;2;-4.929;1;0.0441;0.0482;0.000574;0.334;0.487;130.661;131600;4;56;1984;228;0,54509018;0,5625
Please, Please, Please, Let Me Get What I Want - 2011 Remaster;The Smiths;Hatful of Hollow;0.241;0.468;2;-9.579;1;0.0272;0.534;0.0;0.161;0.451;91.581;112707;3;70;1984;228;0,54509018;0,7375
Jazz (We've Got);A Tribe Called Quest;The Low End Theory;0.822;0.479;11;-15.962;1;0.271;0.719;4.42e-05;0.124;0.72;92.461;250240;4;61;1991;229;0,543086172;0,625
The Revolution Will Not Be Televised;Gil Scott-Heron;Pieces of a Man;0.56;0.767;11;-9.825;0;0.191;0.51;0.0;0.103;0.961;180.641;187347;4;53;1971;230;0,541082164;0,525
Home Is Where the Hatred Is;Gil Scott-Heron;Pieces of a Man;0.687;0.712;10;-9.434;1;0.0315;0.269;0.0102;0.185;0.903;98.226;201520;4;49;1971;230;0,541082164;0,475
I Want You Back;The Jackson 5;Diana Ross Presents The Jackson 5;0.469;0.538;8;-13.559;1;0.0571;0.305;0.00012;0.37;0.886;196.605;176333;4;78;1969;231;0,539078156;0,8375
Who's Lovin' You;The Jackson 5;Diana Ross Presents The Jackson 5;0.247;0.307;7;-13.16;1;0.0371;0.648;2.43e-05;0.281;0.403;161.982;235640;3;63;1969;231;0,539078156;0,65
Fireworks;Animal Collective;Strawberry Jam;0.547;0.911;1;-4.861;1;0.0715;0.0178;4.98e-05;0.0884;0.741;165.706;410907;3;46;2007;232;0,537074148;0,4375
Boys at School;Spellling;The Turning Wheel;0.548;0.381;9;-12.541;0;0.0271;0.139;0.29;0.221;0.0809;112.035;448653;4;43;2021;233;0,53507014;0,4
So Long, Marianne;Leonard Cohen;Songs Of Leonard Cohen;0.543;0.395;9;-11.396;1;0.0267;0.701;4.24e-05;0.0961;0.231;94.872;340560;3;59;1967;234;0,533066132;0,6
Eyesore;Women;Public Strain;0.503;0.624;2;-5.187;0;0.0287;0.0584;0.837;0.0923;0.362;113.139;385347;4;36;2010;235;0,531062124;0,3125
Golden Brown;The Stranglers;La Folie;0.562;0.383;6;-15.474;1;0.0304;0.143;0.124;0.138;0.599;93.764;206760;3;72;1981;236;0,529058116;0,7625
Introvert;Little Simz;Sometimes I Might Be Introvert;0.313;0.87;1;-6.613;0;0.114;0.432;0.0191;0.116;0.117;92.685;362653;4;54;2021;237;0,527054108;0,5375
Tudo O Que Você Podia Ser;Milton Nascimento;Clube Da Esquina;0.457;0.482;2;-14.694;0;0.0286;0.296;0.000669;0.109;0.787;96.138;177000;4;56;1972;238;0,5250501;0,5625
I Feel Love;Donna Summer;I Remember Yesterday;0.674;0.711;0;-15.581;1;0.0423;0.031;0.691;0.0925;0.961;126.696;355173;4;57;1977;239;0,523046092;0,575
Damaged Goods;Gang Of Four;Entertainment!;0.744;0.721;0;-7.008;1;0.0899;0.025;0.0466;0.155;0.965;157.188;207200;4;56;1979;240;0,521042084;0,5625
good kid;Kendrick Lamar;good kid, m.A.A.d city (Deluxe);0.451;0.831;5;-8.641;0;0.307;0.0623;0.0;0.185;0.41;176.162;214120;4;55;2012;241;0,519038076;0,55
The Modern Age;The Strokes;Is This It;0.53;0.89;2;-6.042;1;0.0328;0.0124;0.759;0.143;0.868;145.958;207679;4;58;2001;242;0,517034068;0,5875
Tried And True;Ween;Quebec;0.747;0.572;1;-9.046;1;0.027;0.102;0.267;0.331;0.575;119.706;242000;4;55;2003;243;0,51503006;0,55
Never Catch Me;Flying Lotus, Kendrick Lamar;You're Dead!;0.526;0.936;8;-4.576;1;0.263;0.316;0.000384;0.261;0.283;81.305;234487;4;58;2014;244;0,513026052;0,5875
Walkin;Denzel Curry;Melt My Eyez See Your Future;0.557;0.654;11;-7.201;0;0.196;0.134;0.0;0.291;0.386;135.983;280000;4;71;2022;245;0,511022044;0,75
Inner City Blues (Make Me Wanna Holler);Marvin Gaye;What's Going On;0.63;0.455;1;-13.667;1;0.0322;0.792;0.132;0.133;0.645;94.08;327707;4;61;1971;246;0,509018036;0,625
My Favorite Things;John Coltrane;My Favorite Things;0.277;0.242;4;-18.442;1;0.0342;0.694;0.464;0.113;0.285;175.384;824133;3;45;1961;247;0,507014028;0,425
Miserlou;Dick Dale & His Del-Tones;Surfer's Choice;0.295;0.917;4;-8.008;1;0.052;0.00928;0.728;0.28;0.622;173.316;137427;4;48;2006;248;0,50501002;0,4625
Runnin';The Pharcyde;Labcabincalifornia (Deluxe Edition);0.754;0.785;10;-8.178;0;0.18;0.0287;0.00144;0.319;0.821;94.123;296267;4;65;1995;249;0,503006012;0,675
Drop;The Pharcyde;Labcabincalifornia (Deluxe Edition);0.853;0.754;10;-7.158;0;0.259;0.335;6.21e-06;0.252;0.69;95.081;334467;4;56;1995;249;0,503006012;0,5625
Someday;The Strokes;Is This It;0.542;0.531;9;-7.481;1;0.0301;0.0033;1.51e-06;0.338;0.671;105.97;183391;4;70;2001;250;0,501002004;0,7375
Electric Relaxation;A Tribe Called Quest;The Anthology;0.866;0.534;11;-9.201;1;0.229;0.184;0.266;0.0929;0.841;98.243;226133;4;68;1999;251;0,498997996;0,7125
Search and Destroy - Iggy Pop Mix;The Stooges;Raw Power;0.235;0.977;6;0.878;1;0.107;0.00353;0.00604;0.172;0.241;152.952;208133;4;54;1973;252;0,496993988;0,5375
Heaven Knows I'm Miserable Now - 2011 Remaster;The Smiths;Hatful of Hollow;0.609;0.759;6;-4.862;1;0.0276;0.028;0.0;0.183;0.774;114.045;215760;4;77;1984;253;0,49498998;0,825
Fortunate Son;Creedence Clearwater Revival;Willy And The Poor Boys (Expanded Edition);0.64;0.663;0;-7.516;1;0.0374;0.201;0.00806;0.152;0.663;132.77;140773;4;83;1969;254;0,492985972;0,9
Down On The Corner;Creedence Clearwater Revival;Willy And The Poor Boys (Expanded Edition);0.858;0.544;0;-9.289;1;0.0751;0.583;0.00109;0.0707;0.874;108.217;166280;4;74;1969;254;0,492985972;0,7875
Sunny Afternoon;The Kinks;Face to Face (Deluxe);0.595;0.462;2;-8.414;0;0.0259;0.102;0.0;0.0641;0.526;124.991;210525;4;65;1966;255;0,490981964;0,675
The Rat;The Walkmen;Bows + Arrows;0.167;0.921;6;-4.881;0;0.061;0.000141;0.0716;0.239;0.315;168.225;262227;4;58;2004;256;0,488977956;0,5875
Hello, Goodbye - Remastered 2015;The Beatles;1 (Remastered);0.498;0.806;0;-5.284;1;0.0265;0.402;5.74e-06;0.525;0.664;99.396;207787;4;54;2000;257;0,486973948;0,5375
Tangled up in Blue;Bob Dylan;Blood On The Tracks;0.421;0.661;9;-13.126;1;0.0433;0.414;1.16e-06;0.0962;0.554;100.965;341627;4;62;1975;258;0,48496994;0,6375
Sympathy For The Devil;The Rolling Stones;The Rolling Stones Singles Collection: The London Years;0.728;0.681;9;-10.943;1;0.221;0.61;0.0;0.0559;0.578;115.944;376800;4;64;1989;259;0,482965932;0,6625
Da Art of Storytellin' (Pt. 1);Outkast;Aquemini;0.749;0.856;2;-5.833;1;0.235;0.107;0.0;0.745;0.402;103.773;222653;4;62;1998;260;0,480961924;0,6375
Slow (Loud);black midi;Slow (Loud);0.449;0.635;2;-8.238;1;0.0428;0.0179;0.849;0.318;0.247;150.066;336625;4;35;2021;261;0,478957916;0,3
I Say a Little Prayer;Aretha Franklin;Aretha Now;0.592;0.355;9;-14.051;1;0.0352;0.478;0.0;0.0585;0.499;133.032;216773;4;75;1968;262;0,476953908;0,8
I Only Have Eyes for You;The Flamingos;Flamingo Serenade;0.552;0.313;5;-12.41;1;0.0296;0.916;0.0017;0.12;0.303;88.554;202773;3;65;1959;263;0,4749499;0,675
Angeles;Elliott Smith;Either/Or;0.531;0.102;4;-23.525;0;0.0549;0.857;0.279;0.154;0.595;118.111;177200;4;59;1997;264;0,472945892;0,6
This Woman's Work;Kate Bush;The Sensual World;0.35;0.113;8;-18.804;1;0.0403;0.874;2.68e-05;0.0751;0.151;128.271;218907;4;59;1989;265;0,470941884;0,6
Head On/Pill - Live in San Francisco '16;King Gizzard & The Lizard Wizard;Live in San Francisco '16;0.184;0.719;7;-9.043;1;0.093;0.0569;0.197;0.816;0.168;193.214;1350627;4;20;2020;266;0,468937876;0,1125
(Don't Fear) The Reaper;Blue Öyster Cult;Agents Of Fortune;0.333;0.927;9;-8.55;0;0.0733;0.0029;0.000208;0.297;0.385;141.466;308120;4;77;1976;267;0,466933868;0,825
Nude;Radiohead;In Rainbows;0.516;0.342;4;-9.785;1;0.0342;0.832;0.579;0.0857;0.167;128.378;255387;3;69;2007;268;0,46492986;0,725
Monkey Gone to Heaven;Pixies;Doolittle;0.654;0.39;6;-10.638;0;0.0307;0.00418;0.0069;0.271;0.566;116.572;175333;4;64;1989;269;0,462925852;0,6625
Snow Globes;Black Country, New Road;Ants From Up There;0.431;0.414;2;-10.311;1;0.0296;0.287;0.095;0.109;0.0436;113.87;553213;4;48;2022;270;0,460921844;0,4625
Juicy - 2005 Remaster;The Notorious B.I.G.;Ready to Die (The Remaster);0.889;0.818;9;-4.639;1;0.253;0.47;0.0;0.179;0.782;96.063;302760;4;77;1994;271;0,458917836;0,825
The Village Green Preservation Society - 2018 Stereo Remaster;The Kinks;The Kinks Are The Village Green Preservation Society (2018 Stereo Remaster);0.557;0.948;7;-7.168;1;0.0597;0.234;0.0;0.0658;0.642;97.425;171693;4;45;1968;272;0,456913828;0,425
Hallogallo;NEU!;NEU!;0.621;0.775;9;-14.019;1;0.035;0.122;0.84;0.0765;0.754;152.58;607427;4;38;1972;273;0,45490982;0,3375
Swamp Thing;The Chameleons;Strange Times;0.358;0.745;10;-7.506;0;0.0252;0.00387;0.193;0.0644;0.302;98.553;356800;4;48;1986;274;0,452905812;0,4625
Venice Bitch;Lana Del Rey;Norman Fucking Rockwell!;0.368;0.286;9;-13.031;0;0.0294;0.913;0.177;0.099;0.312;77.826;577199;4;69;2019;275;0,450901804;0,725
Venus As A Boy;Björk;Debut;0.619;0.401;1;-11.746;1;0.0339;0.0297;0.00355;0.0701;0.815;136.21;282560;4;58;1993;276;0,448897796;0,5875
Spotlight;Jessie Ware;What's Your Pleasure?;0.632;0.762;11;-8.555;0;0.0423;0.0358;0.49;0.119;0.164;115.021;331933;4;55;2020;277;0,446893788;0,55
Ghost Town;The Specials;Stereo-Typical: A's, B's & Rarities;0.664;0.765;10;-9.454;0;0.0507;0.0493;0.333;0.113;0.907;73.676;219307;4;62;2000;278;0,44488978;0,6375
For Whom The Bell Tolls - Remastered;Metallica;Ride The Lightning (Remastered);0.518;0.858;0;-6.147;1;0.0672;0.00563;0.00349;0.0598;0.249;117.897;309973;4;74;1984;279;0,442885772;0,7875
Fade To Black - Remastered;Metallica;Ride The Lightning (Deluxe / Remastered);0.256;0.924;7;-6.685;1;0.113;0.00369;0.234;0.114;0.28;113.574;417227;4;70;1984;280;0,440881764;0,7375
Dead Souls;Joy Division;The Best Of;0.434;0.936;5;-6.229;1;0.0865;0.0153;0.814;0.162;0.527;116.191;295506;4;39;2008;281;0,438877756;0,35
Runaway;Del Shannon;Runaway with Del Shannon;0.594;0.533;10;-7.993;0;0.0438;0.153;1.49e-05;0.172;0.729;78.552;137307;4;62;1961;282;0,436873747;0,6375
SpottieOttieDopaliscious;Outkast;Aquemini;0.828;0.656;1;-6.571;1;0.222;0.00259;0.0024;0.144;0.709;124.751;426853;4;59;1998;283;0,434869739;0,6
Crosseyed and Painless - 2005 Remaster;Talking Heads;Remain in Light (Deluxe Version);0.723;0.818;7;-5.946;1;0.0366;0.138;0.748;0.218;0.894;135.122;285613;4;52;1980;284;0,432865731;0,5125
Last Nite;The Strokes;Is This It;0.624;0.91;0;-5.703;1;0.0297;0.0285;0.000198;0.0789;0.767;104.042;193051;4;75;2001;285;0,430861723;0,8
Plastic Love;Mariya Takeuchi;Expressions;0.648;0.875;2;-5.141;0;0.034;0.0747;9.64e-05;0.196;0.857;102.517;294493;4;66;2008;286;0,428857715;0,6875
Myth;Beach House;Bloom;0.445;0.704;3;-6.257;1;0.0292;0.0336;0.116;0.0828;0.409;141.954;258653;4;59;2012;287;0,426853707;0,6
Diamonds From Sierra Leone - Bonus Track;Kanye West;Late Registration;0.435;0.846;7;-3.458;1;0.263;0.148;0.0;0.306;0.57;100.771;238400;4;56;2005;288;0,424849699;0,5625
Here Comes Your Man;Pixies;Doolittle;0.669;0.795;2;-10.865;1;0.0285;0.00772;0.0781;0.401;0.882;124.594;201187;4;70;1989;289;0,422845691;0,7375
Passin' Me By;The Pharcyde;Bizarre Ride II The Pharcyde;0.759;0.756;4;-8.145;0;0.266;0.0903;2.36e-06;0.265;0.613;87.059;303493;4;70;1992;290;0,420841683;0,7375
The Passenger;Iggy Pop;Lust For Life;0.498;0.889;0;-5.413;1;0.0546;0.0947;1.62e-06;0.733;0.696;134.88;283360;4;74;1977;291;0,418837675;0,7875
Stand by Me;Ben E. King;Don't Play That Song (Mono);0.65;0.306;9;-9.443;1;0.0393;0.57;7.07e-06;0.0707;0.605;118.068;180056;4;80;1962;292;0,416833667;0,8625
Daydreaming;Radiohead;A Moon Shaped Pool;0.214;0.263;9;-13.207;0;0.0336;0.968;0.853;0.126;0.113;137.561;384439;3;60;2016;293;0,414829659;0,6125
Everlong;Foo Fighters;The Colour And The Shape;0.413;0.881;11;-5.541;0;0.0367;5.99e-05;0.000308;0.0805;0.364;158.066;250547;4;84;1997;294;0,412825651;0,9125
Hurt;Nine Inch Nails;The Downward Spiral;0.566;0.124;11;-18.166;0;0.0431;0.709;0.0104;0.132;0.11;79.924;374440;4;57;1994;295;0,410821643;0,575
Nights In White Satin;The Moody Blues;Nights In White Satin;0.19;0.344;4;-12.064;0;0.0309;0.252;0.327;0.194;0.218;156.888;264998;3;56;2017;296;0,408817635;0,5625
Das Model;Kraftwerk;3-D Der Katalog (German Version);0.679;0.629;4;-8.074;0;0.0329;0.00453;0.799;0.0946;0.896;124.003;219606;4;54;2017;297;0,406813627;0,5375
Sir Duke;Stevie Wonder;Songs In The Key Of Life;0.588;0.568;6;-9.766;1;0.0672;0.16;0.0;0.0792;0.952;106.938;232760;4;73;1976;298;0,404809619;0,775
Good Days;SZA;Good Days;0.436;0.655;1;-8.37;0;0.0583;0.499;8.1e-06;0.688;0.412;121.002;279204;4;83;2020;299;0,402805611;0,9
House of the Rising Sun;The Animals;The Singles Plus;0.316;0.484;9;-9.11;0;0.0308;0.000334;0.00445;0.0912;0.299;117.363;269907;3;75;1987;300;0,400801603;0,8
Award Tour;A Tribe Called Quest;Midnight Marauders;0.812;0.6;7;-9.414;1;0.254;0.00308;8.38e-06;0.173;0.555;97.338;226440;4;64;1993;301;0,398797595;0,6625
TEQKILLA;M.I.A.;/\/\ /\ Y /\;0.615;0.939;5;-3.922;0;0.295;0.0615;2.23e-05;0.106;0.495;148.052;379640;4;30;2010;302;0,396793587;0,2375
Heart Of Glass - Remix;Blondie;Parallel Lines: Deluxe Collector's Edition;0.654;0.809;4;-5.053;1;0.0417;0.00147;0.0143;0.123;0.492;114.685;249733;4;63;1978;303;0,394789579;0,65
Specialist - B-Side - 2012 Remaster;Interpol;Turn On The Bright Lights (The Tenth Anniversary Edition - 2012 Remaster);0.352;0.837;9;-7.522;0;0.0364;0.0118;0.038;0.0933;0.548;111.174;399507;4;27;2002;304;0,392785571;0,2
Higher Ground;Stevie Wonder;Innervisions;0.716;0.85;8;-9.949;1;0.0426;0.0631;0.00133;0.189;0.821;125.474;222600;4;65;1973;305;0,390781563;0,675
Mercy Mercy Me (The Ecology);Marvin Gaye;What's Going On;0.498;0.634;6;-12.16;0;0.0475;0.328;0.748;0.0962;0.515;93.161;193573;4;67;1971;306;0,388777555;0,7
First Love / Late Spring;Mitski;Bury Me At Makeout Creek;0.445;0.543;0;-8.196;1;0.0272;0.000825;0.0137;0.202;0.102;99.963;278640;4;80;2014;307;0,386773547;0,8625
Blackstar;David Bowie;Blackstar;0.366;0.552;6;-8.35;1;0.0317;0.206;0.0595;0.178;0.114;97.98;597933;4;53;2016;308;0,384769539;0,525
Hurt;Johnny Cash;American IV: The Man Comes Around;0.534;0.392;9;-7.636;0;0.0267;0.649;0.000227;0.0948;0.163;90.379;216533;4;75;2002;309;0,382765531;0,8
Personal Jesus;Johnny Cash;American IV: The Man Comes Around;0.745;0.575;4;-8.184;0;0.0434;0.546;0.000127;0.116;0.723;123.325;199240;4;61;2002;309;0,382765531;0,625
Say It Ain't So;Weezer;Weezer;0.634;0.551;3;-7.136;1;0.0352;0.00737;1.82e-05;0.07;0.453;151.779;258827;4;77;1994;310;0,380761523;0,825
Sour Times;Portishead;Dummy;0.698;0.633;8;-6.68;0;0.0406;0.0508;0.272;0.264;0.55;94.085;252267;4;63;1994;311;0,378757515;0,65
The Boxer;Simon & Garfunkel;Bridge Over Troubled Water;0.439;0.488;11;-14.464;1;0.0615;0.702;0.000339;0.16;0.629;93.017;308520;4;72;1970;312;0,376753507;0,7625
The Needle And The Damage Done;Neil Young;Paris 1989;0.487;0.626;7;-11.758;1;0.0414;0.813;0.0383;0.233;0.274;107.774;205400;4;14;1989;313;0,374749499;0,0375
cellophane;FKA twigs;MAGDALENE;0.431;0.284;2;-11.858;1;0.0432;0.871;0.000136;0.0899;0.229;98.317;204067;1;64;2019;314;0,372745491;0,6625
Machine Gun;Portishead;Third;0.562;0.574;11;-6.134;1;0.0407;0.0135;0.00175;0.111;0.0646;105.115;286440;4;41;2008;315;0,370741483;0,375
I'm Waiting For The Man;The Velvet Underground, Nico;The Velvet Underground & Nico 45th Anniversary;0.679;0.645;7;-9.765;1;0.0442;0.032;0.868;0.152;0.826;125.844;279520;4;58;1967;316;0,368737475;0,5875
My My, Hey Hey (Out Of The Blue);Neil Young;Paris 1989;0.457;0.631;7;-11.032;0;0.0445;0.813;0.332;0.941;0.369;118.87;251467;3;37;1989;317;0,366733467;0,325
September Gurls;Big Star;Radio City (Remastered);0.374;0.895;4;-4.552;1;0.0351;0.000163;0.0119;0.164;0.533;113.992;166400;4;37;1974;318;0,364729459;0,325
September;Earth, Wind & Fire;The Best Of Earth, Wind & Fire Vol. 1;0.697;0.832;9;-7.264;1;0.0298;0.168;0.00131;0.269;0.979;125.926;215093;4;84;1978;319;0,362725451;0,9125
Heart-Shaped Box;Nirvana;In Utero - 20th Anniversary - Deluxe Edition;0.256;0.641;1;-10.283;1;0.0552;0.199;0.0329;0.0853;0.382;203.006;281160;4;80;1993;320;0,360721443;0,8625
Break on Through (To the Other Side);The Doors;The Doors;0.421;0.751;9;-9.584;1;0.0472;0.2;0.0;0.17;0.789;89.839;145867;4;73;1967;321;0,358717435;0,775
Purple Haze;Jimi Hendrix;Are You Experienced;0.533;0.905;2;-5.27;1;0.0754;0.00876;0.578;0.0698;0.486;108.9;170813;4;72;1967;322;0,356713427;0,7625
The Mercy Seat - 2010 Remastered Version;Nick Cave & The Bad Seeds;Tender Prey (2010 Remastered Version);0.288;0.965;0;-4.051;1;0.0619;0.0705;0.0;0.516;0.24;94.631;438080;4;41;1988;323;0,354709419;0,375
Just Like Honey;The Jesus and Mary Chain;Psychocandy (Expanded Version);0.341;0.552;8;-10.503;1;0.0423;8.02e-05;0.616;0.0591;0.486;121.361;182493;4;62;1985;324;0,352705411;0,6375
Black Sabbath;Black Sabbath;Black Sabbath (2009 Remastered Version);0.344;0.449;2;-13.887;1;0.0421;0.0493;0.0278;0.322;0.123;132.809;377280;4;56;1970;325;0,350701403;0,5625
Survival of the Fittest;Mobb Deep;The Infamous;0.813;0.703;11;-5.077;0;0.268;0.125;1.26e-06;0.237;0.241;94.828;224533;4;71;1995;326;0,348697395;0,75
Venus;Television;Marquee Moon;0.55;0.631;0;-11.493;1;0.0385;0.000898;0.18;0.0503;0.908;114.553;229027;4;46;1977;327;0,346693387;0,4375
Chanel;Frank Ocean;Chanel;0.776;0.503;0;-5.732;0;0.237;0.874;0.0;0.112;0.473;110.134;210285;4;79;2017;328;0,344689379;0,85
Jumpin' Jack Flash;The Rolling Stones;Jumpin' Jack Flash / Child Of The Moon;0.595;0.885;3;-7.688;1;0.0518;0.0744;0.534;0.0844;0.643;137.243;222933;4;66;2021;329;0,342685371;0,6875
本能;Sheena Ringo;勝訴ストリップ;0.453;0.927;2;-1.473;0;0.0424;0.00182;0.0639;0.259;0.451;97.107;253867;4;50;2000;330;0,340681363;0,4875
Narrator;Squid, Martha Skye Murphy;Bright Green Field;0.434;0.725;2;-6.532;0;0.0734;0.00127;0.0481;0.667;0.372;133.584;508733;4;42;2021;331;0,338677355;0,3875
Ribs;Lorde;Pure Heroine;0.511;0.472;4;-9.277;1;0.091;0.534;0.614;0.11;0.0399;127.978;258969;4;80;2013;332;0,336673347;0,8625
Positively 4th Street - Single Version;Bob Dylan;The Essential Bob Dylan;0.556;0.463;6;-10.79;1;0.0268;0.817;0.0;0.116;0.764;109.586;247867;4;49;2014;333;0,334669339;0,475
ATLiens;Outkast;ATLiens;0.918;0.734;11;-2.832;0;0.269;0.0296;8.01e-06;0.191;0.608;97.044;230693;4;70;1996;334;0,332665331;0,7375
Moving;Kate Bush;The Kick Inside;0.497;0.339;2;-13.513;0;0.0304;0.433;0.000689;0.246;0.196;126.651;181960;4;49;1978;335;0,330661323;0,475
See Emily Play - 1996 Remastered Version;Pink Floyd;Relics (1996 Remastered Version);0.444;0.664;2;-9.868;1;0.0386;0.173;3.8e-06;0.164;0.481;123.982;173733;4;37;1996;336;0,328657315;0,325
Changes - 2015 Remaster;David Bowie;Hunky Dory (2015 Remaster);0.559;0.308;0;-11.75;1;0.0376;0.505;0.0;0.109;0.414;113.633;217747;4;70;1971;337;0,326653307;0,7375
Raspberry Beret;Prince;Around the World in a Day;0.761;0.67;2;-12.759;1;0.0438;0.21;0.000426;0.0685;0.91;120.752;215173;4;67;1985;338;0,324649299;0,7
The Diamond Sea;Sonic Youth;Washing Machine;0.26;0.641;0;-8.696;1;0.0414;0.149;0.293;0.302;0.0433;114.534;1177293;4;37;1995;339;0,322645291;0,325
Hurricane;Bob Dylan;Desire;0.509;0.827;0;-7.715;1;0.0782;0.0409;0.0;0.12;0.743;135.601;512733;4;68;1976;340;0,320641283;0,7125
Fools Gold - Remastered;The Stone Roses;The Stone Roses;0.731;0.875;7;-6.393;1;0.0457;0.000367;0.858;0.289;0.164;112.78;594453;4;61;1989;341;0,318637275;0,625
Optimistic;Radiohead;Kid A;0.402;0.757;7;-9.931;0;0.0371;0.0496;0.846;0.305;0.573;157.96;315973;4;56;2000;342;0,316633267;0,5625
What A Wonderful World;Louis Armstrong;What A Wonderful World;0.399;0.258;5;-16.028;1;0.033;0.792;1.86e-06;0.128;0.192;108.174;137520;3;74;1968;343;0,314629259;0,7875
No One Knows;Queens of the Stone Age;Songs For The Deaf;0.509;0.584;0;-4.907;1;0.057;0.0368;9.96e-05;0.384;0.685;170.411;278747;4;73;2002;344;0,312625251;0,775
Blowin' in the Wind;Bob Dylan;The Freewheelin' Bob Dylan;0.38;0.0993;2;-20.567;1;0.0509;0.914;2.32e-05;0.0605;0.44;174.874;165427;4;69;1963;345;0,310621242;0,725
Reach Out I'll Be There;Four Tops;Reach Out;0.607;0.599;3;-8.908;0;0.0282;0.0253;0.0;0.188;0.735;119.842;178533;4;59;1967;346;0,308617234;0,6
Shangri-La - 2019 Remaster;The Kinks;Arthur or the Decline and Fall of the British Empire (Deluxe);0.395;0.725;0;-8.044;1;0.0585;0.202;0.0;0.108;0.295;112.835;320528;4;29;2019;347;0,306613226;0,225
BIPP;SOPHIE;BIPP;0.765;0.703;2;-3.883;1;0.166;0.0937;0.0843;0.127;0.335;82.681;224143;5;46;2015;348;0,304609218;0,4375
You Can't Hurry Love;The Supremes;The Supremes A' Go-Go (Expanded Edition);0.63;0.711;10;-9.34;1;0.0472;0.299;0.0;0.0813;0.659;96.912;167933;4;75;1966;349;0,30260521;0,8
Caroline, No;Brian Wilson;I Just Wasn't Made For These Times;0.618;0.295;0;-14.892;1;0.0255;0.794;1.3e-05;0.109;0.516;77.095;158800;4;19;1995;350;0,300601202;0,1
Race for the Prize - 2017 Remaster;The Flaming Lips;The Soft Bulletin;0.326;0.841;0;-7.14;1;0.0858;4.56e-05;0.028;0.251;0.449;130.723;258912;4;53;1999;351;0,298597194;0,525
Heroes And Villains - Remastered 2001;The Beach Boys;Smiley Smile (Remastered);0.426;0.583;1;-7.442;1;0.0354;0.524;4.05e-06;0.147;0.232;116.803;219307;1;54;1967;352;0,296593186;0,5375
Stonemilker;Björk;Vulnicura;0.133;0.257;2;-13.545;1;0.0317;0.12;0.00608;0.1;0.0501;82.163;409320;5;44;2015;353;0,294589178;0,4125
Ms. Jackson;Outkast;Stankonia;0.843;0.806;4;-5.946;0;0.269;0.143;0.0;0.0771;0.613;94.948;270507;4;83;2000;354;0,29258517;0,9
Swingin Party - 2008 Remaster;The Replacements;Tim (Expanded);0.647;0.69;6;-8.657;0;0.0454;0.0224;0.0;0.147;0.682;117.514;233573;4;58;1985;355;0,290581162;0,5875
Vapour Trail - 2001 Remaster;Ride;Nowhere (Expanded);0.428;0.802;4;-5.682;1;0.0304;0.000636;0.778;0.0944;0.428;107.527;257667;4;52;1990;356;0,288577154;0,5125
Hey Jude - Remastered 2015;The Beatles;1 (Remastered);0.386;0.607;10;-7.7;1;0.0261;0.0112;1.38e-05;0.088;0.532;147.207;425653;4;74;2000;357;0,286573146;0,7875
Revolution - Remastered 2009;The Beatles;The Beatles 1967 - 1970 (Remastered);0.407;0.834;6;-9.224;1;0.208;0.0734;0.00021;0.241;0.71;121.38;205293;4;63;1973;357;0,286573146;0,65
Radioactivity - 2009 Remaster;Kraftwerk;Radio-Activity (2009 Remaster);0.583;0.666;9;-11.702;0;0.0307;0.0917;0.993;0.281;0.11;121.709;401253;4;46;1975;358;0,284569138;0,4375
Antenna - 2009 Remaster;Kraftwerk;Radio-Activity (2009 Remaster);0.645;0.536;7;-12.314;1;0.0374;0.214;0.435;0.226;0.504;144.766;222147;4;30;1975;358;0,284569138;0,2375
Feel Good Inc.;Gorillaz;Demon Days;0.818;0.705;6;-6.679;1;0.177;0.00836;0.00233;0.613;0.772;138.559;222640;4;85;2005;359;0,28256513;0,925
Let It Happen;Tame Impala;Currents;0.602;0.881;1;-5.875;0;0.0443;0.00462;0.0266;0.111;0.577;125.012;467587;4;76;2015;360;0,280561122;0,8125
Ocean Man;Ween;The Mollusk;0.72;0.912;4;-6.13;1;0.0363;0.551;0.00122;0.0982;0.973;122.782;126947;4;65;1997;361;0,278557114;0,675
Face to Face;Daft Punk;Discovery;0.874;0.437;1;-10.235;0;0.0708;0.00134;0.0296;0.0293;0.962;117.791;240173;4;63;2001;362;0,276553106;0,65
Roygbiv;Boards of Canada;Music Has The Right To Children;0.631;0.521;4;-10.312;0;0.063;0.0201;0.923;0.103;0.118;84.033;151520;4;59;1998;363;0,274549098;0,6
Enola Gay;Orchestral Manoeuvres In The Dark;The Best Of Orchestral Manoeuvres In The Dark;0.567;0.555;2;-14.135;0;0.0327;0.00576;0.027;0.0683;0.958;143.093;212400;4;54;1988;364;0,27254509;0,5375
Rock 'n' Roll Suicide - 2012 Remaster;David Bowie;The Rise and Fall of Ziggy Stardust and the Spiders from Mars (2012 Remaster);0.457;0.308;0;-11.474;1;0.0398;0.309;1.64e-06;0.107;0.271;103.11;178266;3;60;1972;365;0,270541082;0,6125
We Major;Kanye West, Nas, Really Doe;Late Registration;0.234;0.88;11;-3.66;0;0.123;0.0107;0.0;0.045;0.216;85.641;448000;4;62;2005;366;0,268537074;0,6375
Drive Slow;Kanye West, Paul Wall, GLC;Late Registration;0.593;0.593;11;-8.216;1;0.289;0.0306;9.94e-06;0.229;0.488;81.291;272227;1;61;2005;366;0,268537074;0,625
Roundabout - 2003 Remaster;Yes;Fragile (Deluxe Edition);0.41;0.761;4;-9.453;0;0.0687;0.0685;0.00772;0.0758;0.392;132.923;510573;4;64;1971;367;0,266533066;0,6625
Hunter;Björk;Homogenic;0.323;0.667;7;-10.342;1;0.0895;0.145;0.0487;0.0867;0.183;79.579;255267;4;51;1997;368;0,264529058;0,5
forever;Charli XCX;how i'm feeling now;0.577;0.927;1;-3.195;0;0.107;0.578;0.0;0.116;0.462;87.389;243672;4;53;2020;369;0,26252505;0,525
Motorcycle Emptiness;Manic Street Preachers;Forever Delayed;0.522;0.801;4;-3.641;1;0.0301;8.2e-06;0.0685;0.174;0.197;112.445;305707;4;59;2002;370;0,260521042;0,6
you made me realise;my bloody valentine;ep’s 1988-1991 and rare tracks;0.0895;0.892;0;-7.958;1;0.066;1.39e-06;0.843;0.0784;0.322;175.365;226160;4;35;2012;371;0,258517034;0,3
Johnny B. Goode;Chuck Berry;Berry Is On Top;0.534;0.803;10;-9.129;1;0.0743;0.741;6.07e-05;0.307;0.969;167.983;161560;4;77;1959;372;0,256513026;0,825
Spellbound;Siouxsie and the Banshees;Juju;0.415;0.853;7;-11.098;1;0.038;0.0107;0.000499;0.536;0.302;148.494;197013;4;65;1981;373;0,254509018;0,675
West End Girls - 2018 Remaster;Pet Shop Boys;Please: Further Listening 1984 - 1986 (2018 Remaster);0.656;0.914;4;-7.471;0;0.0394;0.000943;0.0628;0.159;0.576;113.259;285907;4;69;1986;374;0,25250501;0,725
Under the Milky Way;The Church;Starfish;0.578;0.583;9;-13.416;0;0.0269;0.0548;0.199;0.125;0.519;135.986;297600;4;62;1988;375;0,250501002;0,6375
Mannequin - 2006 Remastered Version;Wire;Pink Flag;0.419;0.75;11;-8.798;0;0.0469;0.0065;0.254;0.249;0.861;150.064;157360;4;53;1977;376;0,248496994;0,525
On Doing an Evil Deed Blues;Lil Ugly Mane;On Doing an Evil Deed Blues;0.363;0.915;1;-5.603;1;0.478;0.233;0.0;0.357;0.319;143.427;475385;4;33;2013;377;0,246492986;0,275
Maps;Yeah Yeah Yeahs;Fever To Tell (Deluxe Remastered);0.502;0.941;7;-5.194;1;0.0716;0.000346;0.319;0.553;0.124;119.783;219987;4;68;2003;378;0,244488978;0,7125
Fast Car;Tracy Chapman;Tracy Chapman;0.711;0.292;4;-15.523;0;0.037;0.313;0.0;0.131;0.194;103.951;296800;4;79;1988;379;0,24248497;0,85
The Perfect Kiss - 2015 Remaster;New Order;Low-Life;0.629;0.859;0;-6.065;1;0.0325;0.00521;0.252;0.131;0.8;130.405;289373;4;49;1985;380;0,240480962;0,475
Sweet Jane;The Velvet Underground;Loaded: Re-Loaded 45th Anniversary Edition;0.629;0.51;2;-10.625;1;0.0317;0.00691;0.0;0.379;0.964;105.173;197827;4;54;1970;381;0,238476954;0,5375
Don't Be So Hard on Your Own Beauty;yeule;Glitch Princess;0.401;0.435;3;-6.452;1;0.027;0.691;0.0;0.133;0.193;158.08;192255;4;45;2022;382;0,236472946;0,425
Atlantic City;Bruce Springsteen;Nebraska;0.475;0.429;4;-10.577;1;0.0367;0.311;0.0;0.376;0.34;108.034;236653;4;55;1982;383;0,234468938;0,55
Iceblink Luck;Cocteau Twins;Heaven or Las Vegas;0.396;0.812;9;-5.704;1;0.0331;7.19e-05;0.0117;0.328;0.5;102.151;198667;4;53;1990;384;0,23246493;0,525
Radio Free Europe;R.E.M.;Murmur;0.366;0.863;9;-7.087;1;0.0502;0.00135;0.014;0.126;0.704;155.149;245787;4;39;1983;385;0,230460922;0,35
Paper Bag;Fiona Apple;When The Pawn...;0.709;0.446;0;-9.904;1;0.037;0.716;2.39e-05;0.11;0.843;140.993;219267;3;65;1999;386;0,228456914;0,675
Down on the Street;The Stooges;Funhouse;0.587;0.754;2;-8.813;1;0.0274;0.000254;0.454;0.279;0.961;131.52;222147;4;39;1970;387;0,226452906;0,35
Hung Up On A Dream - Mono Version;The Zombies;Odessey and Oracle;0.329;0.685;0;-5.105;1;0.0293;0.268;0.327;0.0837;0.183;100.607;181733;4;33;1968;388;0,224448898;0,275
Wake Up;Arcade Fire;Funeral;0.252;0.8;0;-4.845;1;0.0368;0.12;0.0538;0.118;0.29;139.361;335333;4;65;2004;389;0,22244489;0,675
As;Stevie Wonder;Songs In The Key Of Life;0.467;0.869;8;-10.342;0;0.0559;0.0589;0.0;0.244;0.684;102.376;428222;4;62;1976;390;0,220440882;0,6375
Night Of The Swallow;Kate Bush;The Dreaming;0.434;0.32;11;-15.761;0;0.0836;0.482;0.0;0.111;0.281;131.131;323400;3;40;1982;391;0,218436874;0,3625
Jesus Walks;Kanye West;The College Dropout;0.637;0.834;3;-4.686;0;0.323;0.614;0.0;0.317;0.715;87.312;193733;4;72;2004;392;0,216432866;0,7625
Movies;Weyes Blood;Titanic Rising;0.086;0.362;7;-8.932;0;0.0347;0.636;0.404;0.106;0.089;71.398;353732;4;56;2019;393;0,214428858;0,5625
Sleep Walk;Santo & Johnny;Canadian American Greatest Hits 50th Anniversary Collection;0.779;0.212;10;-9.759;0;0.0362;0.759;0.959;0.235;0.444;94.675;145333;3;64;2012;394;0,21242485;0,6625
Trans-Europe Express - 2009 Remaster;Kraftwerk;Trans-Europe Express (2009 Remaster);0.878;0.611;1;-12.221;1;0.118;0.0559;0.838;0.0527;0.718;107.65;397373;4;40;1977;395;0,210420842;0,3625
Europe Endless - 2009 Remaster;Kraftwerk;Trans-Europe Express (2009 Remaster);0.77;0.464;11;-11.391;1;0.0571;0.0408;0.649;0.199;0.419;110.387;581027;4;35;1977;395;0,210420842;0,3
Closer;Nine Inch Nails;The Downward Spiral (Deluxe Edition);0.546;0.724;10;-8.639;0;0.0427;0.000273;0.667;0.133;0.586;89.991;373307;4;66;1994;396;0,208416834;0,6875
Secrets (Your Fire);Magdalena Bay;Mercurial World;0.691;0.827;10;-5.573;0;0.0402;0.00177;0.637;0.416;0.826;107.997;245897;4;56;2021;397;0,206412826;0,5625
Eight Miles High;The Byrds;Fifth Dimension;0.365;0.77;9;-10.492;1;0.0764;0.21;0.136;0.503;0.37;130.603;214640;4;54;1966;398;0,204408818;0,5375
Helter Skelter - Remastered 2009;The Beatles;The Beatles (Remastered);0.166;0.831;9;-8.469;1;0.0894;0.000606;0.846;0.811;0.281;167.518;269787;4;63;1968;399;0,20240481;0,65
What Is Life - Remastered 2014;George Harrison;All Things Must Pass (Remastered 2014);0.468;0.833;4;-5.847;1;0.0324;0.00654;0.000332;0.326;0.884;131.248;264413;4;68;1970;400;0,200400802;0,7125
Close To Me;The Cure;The Head On The Door (Remastered);0.724;0.523;11;-11.139;1;0.116;0.0745;0.703;0.0811;0.965;185.075;203267;4;71;1985;401;0,198396794;0,75
Chaeri;Magdalena Bay;Mercurial World;0.675;0.555;8;-9.208;1;0.0415;0.0344;0.00471;0.119;0.147;121.034;257130;4;51;2021;402;0,196392786;0,5
Sextape;Deftones;Diamond Eyes;0.367;0.634;5;-6.475;1;0.027;0.000824;0.0759;0.116;0.0964;89.981;241533;4;75;2008;403;0,194388778;0,8
Boys Don't Cry;The Cure;Three Imaginary Boys;0.462;0.836;11;-5.766;0;0.0621;0.00517;0.0;0.18;0.671;168.766;155973;4;78;1979;404;0,19238477;0,8375
She’s A Rainbow - Remastered 2017 / Stereo;The Rolling Stones;Their Satanic Majesties Request (50th Anniversary Special Edition / Remastered);0.466;0.81;10;-7.669;1;0.0411;0.547;0.017;0.431;0.58;109.16;274933;4;47;1967;405;0,190380762;0,45
Moonshake;CAN;Future Days (Remastered);0.798;0.634;9;-13.831;1;0.0422;0.0835;0.844;0.122;0.873;146.154;184200;4;41;1973;406;0,188376754;0,375
Today;The Smashing Pumpkins;(Rotten Apples) The Smashing Pumpkins Greatest Hits;0.476;0.855;8;-6.046;1;0.0265;2.53e-05;0.69;0.049;0.408;82.955;202133;4;67;2001;407;0,186372745;0,7
Norf Norf;Vince Staples;Summertime '06;0.925;0.549;7;-6.572;1;0.0656;0.396;0.000154;0.11;0.0904;100.014;183160;4;66;2015;408;0,184368737;0,6875
Riders on the Storm;The Doors;L.A. Woman;0.55;0.722;11;-11.729;0;0.0283;0.25;0.0129;0.11;0.716;103.886;434720;4;74;1971;409;0,182364729;0,7875
Music Sounds Better With You;Stardust;Music Sounds Better With You;0.735;0.72;1;-7.04;1;0.336;0.00105;0.15;0.382;0.364;124.174;403293;4;71;1998;410;0,180360721;0,75
Heart Of Gold;Neil Young;Eat, Pray, Love;0.55;0.525;7;-8.754;1;0.0275;0.288;0.0172;0.106;0.806;171.172;188440;4;75;2010;411;0,178356713;0,8
Subterranean Homesick Blues;Bob Dylan;Bringing It All Back Home;0.576;0.727;4;-9.973;0;0.05;0.702;0.0;0.324;0.751;173.854;141293;4;59;1965;412;0,176352705;0,6
The Girl From Ipanema;Stan Getz, João Gilberto, Astrud Gilberto;The Girl From Ipanema - The Bossa Nova Years;0.664;0.194;5;-15.487;0;0.0357;0.909;3.85e-05;0.0829;0.443;129.863;321827;4;69;1989;413;0,174348697;0,725
Roadrunner;The Modern Lovers;The Modern Lovers;0.462;0.84;2;-6.666;1;0.0346;4.98e-05;6.47e-05;0.0893;0.804;75.54;246440;4;57;1976;414;0,172344689;0,575
Pablo Picasso;The Modern Lovers;The Modern Lovers;0.617;0.729;2;-9.174;1;0.0306;0.00269;0.131;0.109;0.835;109.639;261600;4;46;1976;414;0,172344689;0,4375
Motion Sickness;Phoebe Bridgers;Stranger in the Alps;0.651;0.546;1;-9.021;1;0.0357;0.774;0.0437;0.0842;0.623;107.021;229760;4;77;2017;415;0,170340681;0,825
Luv (sic);Nujabes;Luv(sic) Hexalogy;0.906;0.677;1;-5.558;1;0.215;0.437;0.0272;0.652;0.869;93.016;286320;4;59;2015;416;0,168336673;0,6
sad day;FKA twigs;MAGDALENE;0.434;0.469;0;-10.681;0;0.166;0.808;0.000212;0.0856;0.14;136.723;255720;4;51;2019;417;0,166332665;0,5
Protect Ya Neck (feat. RZA, Method Man, Inspectah Deck, Raekwon, U-God, Ol' Dirty Bastard, Ghostface Killah & GZA);Wu-Tang Clan, RZA, Method Man, Inspectah Deck, Raekwon, U-God, Ol' Dirty Bastard, Ghostface Killah, GZA;Enter The Wu-Tang (36 Chambers) [Expanded Edition];0.817;0.552;8;-10.8;0;0.385;0.0318;7.01e-06;0.826;0.808;102.011;291067;4;68;1993;418;0,164328657;0,7125
Uncle Albert / Admiral Halsey - Medley / Remastered 2012;Paul McCartney, Linda McCartney;Ram (Archive Collection);0.371;0.507;7;-9.805;1;0.0325;0.58;0.0201;0.175;0.535;91.786;295147;4;54;1971;419;0,162324649;0,5375
Deacon Blues;Steely Dan;Aja;0.745;0.586;0;-12.487;1;0.0359;0.457;0.000295;0.119;0.604;115.857;456640;4;59;1977;420;0,160320641;0,6
Stars;Hum;You'd Prefer An Astronaut;0.271;0.742;2;-12.669;1;0.0529;0.000285;0.26;0.0601;0.148;91.844;309107;4;52;1995;421;0,158316633;0,5125
Your Best American Girl;Mitski;Puberty 2;0.362;0.258;7;-9.655;1;0.0315;0.0165;0.00714;0.231;0.133;77.021;212184;4;69;2016;422;0,156312625;0,725
Suspicious Minds;Elvis Presley;From Elvis in Memphis;0.487;0.382;7;-10.889;1;0.0309;0.0422;4.74e-06;0.411;0.714;116.557;261280;4;77;1969;423;0,154308617;0,825
Walk on By;Dionne Warwick;Make Way for Dionne Warwick;0.7;0.33;5;-9.027;1;0.0303;0.719;8.6e-05;0.136;0.524;98.605;178333;4;63;1964;424;0,152304609;0,65
Grace;Jeff Buckley;Grace;0.546;0.867;11;-4.235;0;0.0354;0.0256;0.000229;0.221;0.189;127.988;322040;4;60;1994;425;0,150300601;0,6125
Exhibit C;Jay Electronica;Exhibit C;0.504;0.811;5;-11.966;0;0.191;0.0276;0.0;0.388;0.382;82.01;331440;4;57;2009;426;0,148296593;0,575
100;Dean Blunt;BLACK METAL;0.613;0.807;10;-6.47;0;0.0246;0.000406;0.065;0.267;0.482;102.205;200907;4;52;2014;427;0,146292585;0,5125
Ballad Of Big Nothing;Elliott Smith;Either/Or;0.652;0.509;0;-10.244;1;0.0284;0.336;0.00418;0.139;0.666;109.254;168267;4;50;1997;428;0,144288577;0,4875
Luchini AKA This Is It;Camp Lo;Uptown Saturday Night;0.721;0.949;6;-5.685;1;0.278;0.0495;0.0;0.327;0.835;83.028;240093;4;59;1997;429;0,142284569;0,6
Bela Lugosi's Dead (Official Version);Bauhaus;The Bela Session;0.594;0.692;11;-9.444;0;0.114;0.0131;0.678;0.0647;0.552;153.47;576703;4;57;2018;430;0,140280561;0,575
Back to the Old House - 2011 Remaster;The Smiths;Louder Than Bombs;0.626;0.488;2;-7.805;1;0.0253;0.0102;0.000188;0.141;0.404;104.13;186627;3;75;1987;431;0,138276553;0,8
Are 'Friends' Electric?;Tubeway Army;Replicas;0.428;0.714;5;-9.735;1;0.0376;0.0697;0.212;0.163;0.435;94.033;323133;4;59;1979;432;0,136272545;0,6
I Am the Resurrection - Remastered;The Stone Roses;The Stone Roses;0.357;0.866;4;-6.324;1;0.0411;0.00191;0.114;0.0815;0.721;129.071;492947;4;59;1989;433;0,134268537;0,6
Free In The Knowledge;The Smile;A Light for Attracting Attention;0.237;0.371;5;-9.524;0;0.029;0.844;0.0274;0.371;0.13;147.469;252865;4;54;2022;434;0,132264529;0,5375
Live Forever - Remastered;Oasis;Definitely Maybe (Remastered);0.191;0.829;9;-3.381;0;0.0447;2.72e-05;2.11e-05;0.362;0.191;116.007;276667;5;54;1994;435;0,130260521;0,5375
New Year's Day;U2;The Best Of 1980 - 1990;0.518;0.803;8;-6.337;0;0.0318;0.00151;0.0246;0.612;0.633;133.462;257040;4;63;1998;436;0,128256513;0,65
Drunk Drivers/Killer Whales;Car Seat Headrest;Teens Of Denial;0.537;0.414;2;-7.952;1;0.0404;0.218;2.1e-06;0.103;0.459;117.101;374653;4;61;2016;437;0,126252505;0,625
I Want You;Bob Dylan;Blonde On Blonde;0.509;0.68;5;-8.354;1;0.0372;0.36;0.0;0.0824;0.802;99.924;185200;4;57;1966;438;0,124248497;0,575
All Apologies;Nirvana;In Utero - 20th Anniversary Remaster;0.446;0.632;1;-12.197;1;0.034;0.0793;0.000266;0.0881;0.359;113.176;233173;4;73;1993;439;0,122244489;0,775
Neighborhood #3 (Power Out);Arcade Fire;Funeral;0.522;0.954;5;-5.018;1;0.0585;0.000543;0.0177;0.0975;0.642;119.87;312907;4;51;2004;440;0,120240481;0,5
The Weight - Remastered 2000;The Band;Music From Big Pink (Remastered);0.63;0.551;9;-9.28;1;0.0549;0.373;5.75e-05;0.103;0.518;143.868;274493;4;72;1968;441;0,118236473;0,7625
Children of the Grave;Black Sabbath;Master of Reality (2009 Remastered Version);0.311;0.658;6;-13.529;1;0.0406;0.0706;0.104;0.093;0.353;151.813;314720;4;66;1971;442;0,116232465;0,6875
The Old Man's Back Again (Dedicated To The Neo-Stalinist Regime);Scott Walker;Scott 4;0.419;0.454;8;-16.458;0;0.0413;0.58;4.38e-05;0.161;0.783;90.99;220573;4;45;1969;443;0,114228457;0,425
Luv (sic) pt2;Nujabes;Luv(sic) Hexalogy;0.834;0.523;5;-6.845;0;0.205;0.386;6.66e-06;0.104;0.851;92.682;273080;4;54;2015;444;0,112224449;0,5375
Dreams;The Cranberries;Everybody Else Is Doing It, So Why Can't We?;0.551;0.643;4;-13.091;1;0.0353;0.00313;0.00385;0.421;0.514;128.661;271560;4;76;1993;445;0,110220441;0,8125
ゆらめき IN THE AIR;Fishmans;Aloha Polydor;0.536;0.597;9;-10.191;1;0.0298;0.383;0.776;0.0928;0.549;99.948;811440;4;13;1999;446;0,108216433;0,025
Gretel;Alex G;House of Sugar;0.449;0.875;8;-6.172;1;0.041;0.118;0.469;0.29;0.43;140.078;190218;4;51;2019;447;0,106212425;0,5
Superman That;Injury Reserve;By the Time I Get to Phoenix;0.492;0.744;0;-9.371;1;0.359;0.248;9.42e-06;0.236;0.533;110.142;160062;3;43;2021;448;0,104208417;0,4
She Bangs the Drums - Remastered;The Stone Roses;The Stone Roses;0.339;0.976;9;-4.782;1;0.0909;0.00649;0.00672;0.123;0.672;144.723;232333;4;62;1989;449;0,102204409;0,6375
California (Live Broadcast In London 1970);Joni Mitchell And James Taylor;Live In The UK 1970 - The Rare London Radio Broadcast;0.559;0.297;2;-16.292;1;0.0435;0.481;0.00649;0.968;0.665;79.877;217275;4;18;2017;450;0,100200401;0,0875
A Case Of You;Joni Mitchell, Ana Moura;#Escape;0.648;0.102;10;-18.814;1;0.0299;0.844;1.18e-06;0.0942;0.278;89.923;305400;4;28;2014;450;0,100200401;0,2125
Life's What You Make It - 1997 Remaster;Talk Talk;The Colour of Spring;0.525;0.804;1;-7.575;1;0.0321;0.00367;0.285;0.0382;0.935;91.951;268893;4;58;1986;451;0,098196393;0,5875
love.;Kid Cudi;The Boy Who Flew To The Moon (Vol. 1);0.574;0.736;5;-4.743;1;0.0465;0.146;1.66e-05;0.407;0.344;138.501;328573;4;74;2022;452;0,096192385;0,7875
Ain't No Mountain High Enough;Marvin Gaye, Tammi Terrell;United;0.663;0.6;7;-10.87;1;0.032;0.43;0.0;0.184;0.8;129.991;151667;4;82;1967;453;0,094188377;0,8875
Shadowboxin';GZA, Method Man;Liquid Swords;0.704;0.642;1;-10.11;1;0.39;0.00704;1.43e-06;0.161;0.72;92.09;209973;4;67;1995;454;0,092184369;0,7
4th Chamber;GZA, RZA, Ghostface Killah, Killah Priest;Liquid Swords;0.708;0.447;1;-6.305;1;0.0952;0.0271;0.000728;0.102;0.0384;89.62;276968;4;58;1995;454;0,092184369;0,5875
Smells Like Teen Spirit;Nirvana;Nevermind (Remastered);0.502;0.912;1;-4.556;1;0.0564;2.55e-05;0.000173;0.106;0.72;116.761;301920;4;84;1991;455;0,090180361;0,9125
California Uber Alles;Dead Kennedys;Give Me Convenience or Give Me Death;0.317;0.885;8;-4.768;1;0.144;0.176;0.000249;0.221;0.704;111.366;207040;3;58;1987;456;0,088176353;0,5875
A Whiter Shade of Pale - Original Single Version;Procol Harum;Hits'n'Flips;0.249;0.66;0;-6.905;1;0.0342;0.504;0.0026;0.0891;0.435;149.813;248947;4;69;2019;457;0,086172345;0,725
Somebody to Love;Jefferson Airplane;Surrealistic Pillow;0.504;0.578;4;-9.302;1;0.031;0.408;0.0;0.321;0.654;132.411;174840;4;70;1967;458;0,084168337;0,7375
I Wish;Stevie Wonder;Songs In The Key Of Life;0.821;0.721;10;-10.401;0;0.0515;0.0816;7.37e-06;0.0664;0.885;105.866;252373;4;66;1976;459;0,082164329;0,6875
You Really Got Me;The Kinks;Kinks (Deluxe);0.573;0.939;8;-6.441;1;0.0808;0.493;0.0;0.0994;0.963;137.382;134253;4;72;1964;460;0,080160321;0,7625
Holy Wars...The Punishment Due - Remastered;Megadeth;Rust In Peace (Expanded Edition);0.325;0.985;11;-3.941;1;0.151;0.00177;0.107;0.351;0.221;125.307;392600;4;69;1990;461;0,078156313;0,725
Broke;Modest Mouse;Building Nothing Out of Something;0.475;0.8;11;-5.746;1;0.0418;0.817;0.519;0.327;0.355;115.424;199307;4;46;2000;462;0,076152305;0,4375
REALiTi - Demo;Grimes;REALiTi (Demo);0.721;0.668;0;-9.949;0;0.0322;0.515;0.05;0.08;0.725;115.029;267130;4;50;2015;463;0,074148297;0,4875
Tonight, Tonight - Remastered 2012;The Smashing Pumpkins;Mellon Collie And The Infinite Sadness (Deluxe Edition);0.277;0.67;6;-9.381;1;0.0376;6.28e-05;0.751;0.237;0.217;148.342;254627;4;69;1995;464;0,072144289;0,725
In Dreams;Roy Orbison;In Dreams;0.495;0.435;0;-9.99;1;0.0286;0.67;0.00038;0.13;0.71;108.189;169160;4;58;1963;465;0,070140281;0,5875
Ohio;Crosby, Stills, Nash & Young;Live: Lakehurst, New York City, June 1970;0.262;0.68;2;-9.377;1;0.0399;0.156;0.0012;0.12;0.437;77.844;246950;4;20;1970;466;0,068136273;0,1125
Ancestress;Björk, Sindri Eldon;Fossora;0.298;0.38;2;-8.889;0;0.038;0.642;0.0;0.105;0.163;104.81;437914;3;53;2022;467;0,066132265;0,525
Ask - 2011 Remaster;The Smiths;Louder Than Bombs;0.453;0.986;7;-5.768;1;0.119;0.387;0.0;0.422;0.455;166.594;198147;4;61;1987;468;0,064128257;0,625
Cemetry Gates - 2011 Remaster;The Smiths;The Queen Is Dead;0.55;0.796;7;-7.007;1;0.0306;0.151;0.0;0.222;0.622;105.354;161040;4;64;1986;468;0,064128257;0,6625
Birthday;The Sugarcubes;Life's Too Good;0.35;0.51;0;-12.275;1;0.0367;0.0471;0.000596;0.0835;0.275;184.431;238627;4;52;1988;469;0,062124248;0,5125
Nuthin' but a G Thang;Dr Dre;Best of Old School Hip-Hop, Vol. 1;0.797;0.712;11;-8.581;0;0.281;0.00701;0.0;0.308;0.738;94.639;255090;4;55;1998;470;0,06012024;0,55
Ain't No Sunshine;Bill Withers;Just As I Am;0.527;0.415;4;-11.451;0;0.122;0.457;1.72e-05;0.117;0.515;78.169;125093;4;79;1971;471;0,058116232;0,85
Papa Was A Rolling Stone;The Temptations;Live As It Gets;0.847;0.599;5;-11.607;0;0.0422;0.0559;0.00483;0.192;0.873;119.997;432893;4;44;2001;472;0,056112224;0,4125
Cybele’s Reverie;Stereolab;Emperor Tomato Ketchup (Expanded Edition);0.32;0.799;2;-6.419;0;0.0292;0.0239;0.138;0.287;0.673;125.631;282739;4;40;1996;473;0,054108216;0,3625
Brigitte;Stereolab;Oscillons From The Anti-Sun;0.408;0.605;0;-7.106;1;0.0382;0.086;0.395;0.131;0.219;146.561;346707;4;11;2005;473;0,054108216;0
Lucky;Radiohead;OK Computer;0.213;0.4;11;-9.813;0;0.0324;0.053;0.612;0.111;0.195;133.369;258813;4;60;1997;474;0,052104208;0,6125
Leave Them All Behind - 2001 Remaster;Ride;Going Blank Again (Expanded);0.282;0.846;4;-4.641;1;0.0728;8.29e-05;0.482;0.521;0.174;184.617;497467;4;46;1992;475;0,0501002;0,4375
I Love You, I Hate You;Little Simz;Sometimes I Might Be Introvert;0.53;0.769;6;-6.665;0;0.37;0.129;4.39e-06;0.169;0.62;119.737;255693;5;52;2021;476;0,048096192;0,5125
Undo;Björk;Vespertine;0.351;0.365;5;-11.891;1;0.0365;0.779;0.00798;0.114;0.0581;115.909;338400;4;44;2001;477;0,046092184;0,4125
When It Rain;Danny Brown;Atrocity Exhibition;0.737;0.881;1;-5.268;0;0.177;0.0758;0.0;0.143;0.419;148.439;195966;4;44;2016;478;0,044088176;0,4125
Frontier Psychiatrist;The Avalanches;Since I Left You;0.712;0.902;6;-7.426;1;0.355;0.114;0.000216;0.394;0.402;98.938;287693;4;49;2001;479;0,042084168;0,475
Everyday Is Like Sunday - 2011 Remaster;Morrissey;Viva Hate (2011 Remaster);0.6;0.869;0;-5.126;1;0.0302;0.00345;0.441;0.311;0.56;117.064;215267;4;61;1988;480;0,04008016;0,625
Something to Believe;Weyes Blood;Titanic Rising;0.31;0.391;4;-8.594;1;0.0274;0.625;1.62e-05;0.319;0.188;136.964;285560;4;52;2019;481;0,038076152;0,5125
Fairytale of New York (feat. Kirsty MacColl);The Pogues, Kirsty MacColl;If I Should Fall from Grace with God (Expanded Edition);0.271;0.551;2;-7.48;1;0.0457;0.582;4.16e-05;0.256;0.428;78.111;272467;4;60;1988;482;0,036072144;0,6125
Wichita Lineman - Remastered 2001;Glen Campbell;Wichita Lineman (Remastered);0.192;0.392;5;-11.667;1;0.0328;0.326;0.000199;0.248;0.391;172.312;186200;4;63;1968;483;0,034068136;0,65
Jesus Christ;Brand New;The Devil And God Are Raging Inside Me;0.657;0.733;11;-5.395;0;0.0264;0.302;0.158;0.254;0.263;88.496;318267;4;44;2006;484;0,032064128;0,4125
I Put a Spell On You;Screamin' Jay Hawkins;At Home with Screamin' Jay Hawkins;0.733;0.399;10;-12.086;0;0.094;0.59;0.0254;0.0766;0.9;173.781;144867;3;62;1958;485;0,03006012;0,6375
Some Velvet Morning;Nancy Sinatra, Lee Hazlewood;Start Walkin' 1965-1976;0.293;0.375;1;-12.44;0;0.0328;0.826;1.83e-05;0.161;0.29;123.079;220000;3;50;2021;486;0,028056112;0,4875
Make It Forever;George Clanton;Slide;0.407;0.924;5;-5.543;1;0.0788;0.0208;0.0605;0.208;0.218;168.038;211547;4;47;2018;487;0,026052104;0,45
Redbone;Childish Gambino;"""Awaken, My Love!""";0.745;0.353;1;-10.614;1;0.0983;0.174;0.00662;0.118;0.598;160.111;326933;4;72;2016;488;0,024048096;0,7625
Rebel Rebel - 2016 Remaster;David Bowie;Diamond Dogs (2016 Remaster);0.635;0.686;9;-15.648;1;0.053;0.209;0.0176;0.282;0.464;125.988;274747;4;74;1974;489;0,022044088;0,7875
The Sun Ain't Gonna Shine Anymore;The Walker Brothers;Portrait (Deluxe Edition);0.381;0.683;2;-6.795;1;0.0354;0.224;1.52e-05;0.244;0.434;111.036;194907;4;53;1998;490;0,02004008;0,525
Here's Where the Story Ends;The Sundays;Reading Writing And Arithmetic;0.622;0.693;7;-8.619;1;0.0274;0.288;1.06e-06;0.136;0.843;109.055;230040;4;56;1990;491;0,018036072;0,5625
The Tracks Of My Tears;Smokey Robinson & The Miracles;Going To A Go-Go;0.502;0.333;7;-10.914;1;0.0264;0.699;0.0;0.222;0.729;96.982;174360;4;64;1965;492;0,016032064;0,6625
Gloria: In Excelsis Deo;Patti Smith;Horses (Legacy Edition);0.422;0.814;9;-7.365;1;0.195;0.118;5.3e-06;0.115;0.411;147.065;354320;4;52;1975;493;0,014028056;0,5125
Kerosene!;Yves Tumor;Heaven To A Tortured Mind;0.506;0.746;7;-7.385;0;0.0307;0.00183;0.0;0.109;0.299;130.996;305507;4;58;2020;494;0,012024048;0,5875
One;Metallica;...And Justice For All;0.437;0.695;7;-9.447;1;0.0617;0.00111;0.0857;0.124;0.413;102.178;447440;3;74;1988;495;0,01002004;0,7875
Layla;Derek & The Dominos;Layla And Other Assorted Love Songs (Remastered 2010);0.404;0.902;1;-3.88;1;0.0665;0.577;0.297;0.287;0.497;115.669;423840;4;75;1970;496;0,008016032;0,8
Delius;Kate Bush;Never for Ever;0.782;0.3;11;-15.019;1;0.035;0.456;0.000123;0.0744;0.834;105.573;171640;4;29;1980;497;0,006012024;0,225
Army Dreamers;Kate Bush;Never for Ever;0.679;0.0742;4;-22.23;0;0.0663;0.737;9.6e-05;0.0897;0.319;144.005;178640;3;53;1980;497;0,006012024;0,525
Protection;Massive Attack, Tracey Thorn;Protection;0.577;0.421;4;-13.142;1;0.0489;0.0162;0.124;0.0722;0.737;168.009;471560;4;59;1994;498;0,004008016;0,6
Dark Was the Night, Cold Was the Ground;Blind Willie Johnson;Dark Was The Night (Mojo Workin'- Blues For The Next Generation);0.394;0.0406;9;-23.179;1;0.044;0.968;0.0453;0.0976;0.2;116.117;198560;1;46;1928;499;0,002004008;0,4375
It's Nobody's Fault but Mine;Blind Willie Johnson;Dark Was The Night (Mojo Workin'- Blues For The Next Generation);0.676;0.252;3;-14.01;1;0.039;0.98;7.38e-05;0.11;0.483;83.901;188533;4;42;1928;499;0,002004008;0,3875
Policy of Truth;Depeche Mode;Violator (Deluxe);0.686;0.644;8;-7.286;1;0.0276;0.0121;0.203;0.126;0.372;114.203;293987;4;64;1990;500;0;0,6625
